cal,C14,error
12000,10306,18
11995,10294,18
11990,10289,18
11985,10289,18
11980,10296,18
11975,10294,18
11970,10285,18
11965,10277,18
11960,10277,19
11955,10283,19
11950,10281,19
11945,10270,19
11940,10251,19
11935,10231,19
11930,10215,20
11925,10207,20
11920,10206,20
11915,10209,20
11910,10213,20
11905,10217,20
11900,10222,20
11895,10228,19
11890,10229,20
11885,10220,19
11880,10209,21
11875,10202,20
11870,10198,21
11865,10197,22
11860,10199,23
11855,10201,24
11850,10204,24
11845,10206,25
11840,10206,26
11835,10202,27
11830,10195,26
11825,10182,24
11820,10167,21
11815,10150,20
11810,10136,19
11805,10124,21
11800,10119,22
11795,10120,22
11790,10125,22
11785,10133,23
11780,10141,24
11775,10147,25
11770,10149,26
11765,10147,25
11760,10140,24
11755,10131,23
11750,10121,22
11745,10110,22
11740,10101,23
11735,10094,23
11730,10091,23
11725,10090,22
11720,10090,22
11715,10091,23
11710,10091,24
11705,10090,25
11700,10086,25
11695,10078,23
11690,10067,21
11685,10054,21
11680,10047,23
11675,10050,23
11670,10065,22
11665,10084,22
11660,10097,23
11655,10097,22
11650,10085,22
11645,10072,22
11640,10064,21
11635,10063,22
11630,10065,23
11625,10065,23
11620,10061,23
11615,10053,24
11610,10041,25
11605,10029,24
11600,10018,24
11595,10011,25
11590,10010,24
11585,10013,24
11580,10019,24
11575,10025,22
11570,10027,23
11565,10026,22
11560,10025,22
11555,10028,21
11550,10032,22
11545,10035,23
11540,10033,21
11535,10032,21
11530,10036,22
11525,10046,22
11520,10057,22
11515,10062,22
11510,10057,21
11505,10044,21
11500,10030,22
11495,10021,22
11490,10018,23
11485,10018,24
11480,10019,23
11475,10018,22
11470,10016,22
11465,10011,22
11460,10008,23
11455,10007,23
11450,10011,21
11445,10017,21
11440,10021,22
11435,10024,22
11430,10029,23
11425,10037,23
11420,10045,22
11415,10049,22
11410,10043,23
11405,10027,22
11400,10003,23
11395,9977,23
11390,9955,23
11385,9945,24
11380,9951,23
11375,9966,23
11370,9980,26
11365,9987,28
11360,9987,28
11355,9982,27
11350,9975,27
11345,9967,26
11340,9961,24
11335,9957,21
11330,9956,22
11325,9952,23
11320,9945,23
11315,9938,25
11310,9933,26
11305,9932,25
11300,9932,23
11295,9933,24
11290,9935,24
11285,9935,23
11280,9934,21
11275,9928,21
11270,9916,20
11265,9900,19
11260,9888,19
11255,9881,19
11250,9872,21
11245,9857,23
11240,9837,21
11235,9820,21
11230,9809,22
11225,9803,23
11220,9799,24
11215,9794,23
11210,9786,21
11205,9775,22
11200,9759,21
11195,9743,20
11190,9728,20
11185,9718,20
11180,9708,22
11175,9693,23
11170,9680,24
11165,9671,24
11160,9667,24
11155,9664,22
11150,9662,21
11145,9658,21
11140,9655,23
11135,9653,23
11130,9654,25
11125,9656,24
11120,9658,22
11115,9658,22
11110,9653,21
11105,9645,21
11100,9637,22
11095,9631,21
11090,9628,22
11085,9626,21
11080,9623,21
11075,9614,21
11070,9593,20
11065,9566,20
11060,9547,21
11055,9540,23
11050,9542,21
11045,9547,21
11040,9550,21
11035,9558,21
11030,9570,22
11025,9580,22
11020,9588,22
11015,9589,23
11010,9583,24
11005,9571,23
11000,9556,22
10995,9541,22
10990,9530,23
10985,9525,23
10980,9529,22
10975,9540,21
10970,9555,22
10965,9569,22
10960,9578,21
10955,9584,21
10950,9591,22
10945,9601,20
10940,9609,19
10935,9608,19
10930,9609,22
10925,9616,25
10920,9623,27
10915,9627,26
10910,9630,26
10905,9630,25
10900,9629,24
10895,9626,22
10890,9622,23
10885,9619,21
10880,9614,22
10875,9602,23
10870,9586,23
10865,9574,23
10860,9569,22
10855,9573,21
10850,9581,21
10845,9589,20
10840,9595,21
10835,9598,23
10830,9599,22
10825,9597,23
10820,9594,25
10815,9590,25
10810,9587,23
10805,9582,22
10800,9577,22
10795,9572,23
10790,9565,22
10785,9558,22
10780,9550,22
10775,9543,23
10770,9536,24
10765,9529,25
10760,9523,26
10755,9518,27
10750,9512,29
10745,9507,31
10740,9503,33
10735,9498,34
10730,9494,34
10725,9490,32
10720,9486,28
10715,9482,25
10710,9477,23
10705,9471,23
10700,9463,22
10695,9453,21
10690,9443,22
10685,9436,22
10680,9432,22
10675,9431,23
10670,9432,22
10665,9433,22
10660,9429,22
10655,9419,21
10650,9404,21
10645,9389,22
10640,9381,23
10635,9384,22
10630,9392,21
10625,9402,21
10620,9413,23
10615,9424,21
10610,9429,21
10605,9425,22
10600,9418,23
10595,9412,22
10590,9405,22
10585,9395,23
10580,9379,23
10575,9361,23
10570,9345,23
10565,9334,23
10560,9326,24
10555,9319,23
10550,9314,22
10545,9314,23
10540,9319,22
10535,9327,22
10530,9334,22
10525,9336,21
10520,9333,22
10515,9326,24
10510,9314,23
10505,9301,23
10500,9286,23
10495,9272,22
10490,9257,23
10485,9243,23
10480,9231,23
10475,9225,23
10470,9229,24
10465,9242,22
10460,9260,23
10455,9274,22
10450,9283,22
10445,9283,23
10440,9274,23
10435,9262,26
10430,9252,27
10425,9247,24
10420,9243,21
10415,9239,21
10410,9231,21
10405,9223,24
10400,9219,25
10395,9220,23
10390,9222,22
10385,9222,23
10380,9218,22
10375,9213,22
10370,9206,23
10365,9201,23
10360,9199,25
10355,9204,24
10350,9211,22
10345,9214,23
10340,9207,22
10335,9194,21
10330,9187,22
10325,9192,22
10320,9203,23
10315,9213,25
10310,9215,24
10305,9211,21
10300,9203,20
10295,9194,21
10290,9186,22
10285,9180,24
10280,9176,23
10275,9174,21
10270,9173,21
10265,9174,20
10260,9173,20
10255,9166,20
10250,9150,21
10245,9124,20
10240,9099,21
10235,9077,21
10230,9058,21
10225,9040,21
10220,9030,20
10215,9027,20
10210,9026,21
10205,9021,22
10200,9011,21
10195,8998,22
10190,8986,23
10185,8973,22
10180,8959,21
10175,8945,20
10170,8936,21
10165,8932,22
10160,8929,20
10155,8922,21
10150,8910,22
10145,8901,23
10140,8899,20
10135,8900,20
10130,8899,21
10125,8895,22
10120,8887,22
10115,8875,22
10110,8861,22
10105,8852,23
10100,8852,20
10095,8857,20
10090,8861,21
10085,8861,22
10080,8861,22
10075,8862,21
10070,8868,21
10065,8882,20
10060,8900,20
10055,8915,20
10050,8917,19
10045,8906,19
10040,8892,21
10035,8884,22
10030,8883,23
10025,8890,22
10020,8900,20
10015,8901,20
10010,8887,22
10005,8875,23
10000,8872,21
9995,8876,20
9990,8888,21
9985,8905,20
9980,8921,20
9975,8929,20
9970,8922,19
9965,8905,19
9960,8887,20
9955,8876,24
9950,8873,25
9945,8875,25
9940,8879,26
9935,8883,26
9930,8885,24
9925,8885,24
9920,8881,24
9915,8875,24
9910,8864,21
9905,8851,21
9900,8836,21
9895,8820,21
9890,8805,21
9885,8792,21
9880,8784,21
9875,8781,22
9870,8785,21
9865,8790,22
9860,8793,21
9855,8794,20
9850,8796,21
9845,8800,21
9840,8806,20
9835,8811,21
9830,8813,22
9825,8812,21
9820,8809,22
9815,8807,24
9810,8805,26
9805,8804,25
9800,8804,23
9795,8804,22
9790,8803,22
9785,8800,21
9780,8796,20
9775,8791,19
9770,8786,19
9765,8781,20
9760,8778,20
9755,8775,20
9750,8774,20
9745,8773,22
9740,8772,23
9735,8771,22
9730,8770,21
9725,8769,21
9720,8767,22
9715,8765,22
9710,8762,21
9705,8759,21
9700,8754,24
9695,8747,26
9690,8736,25
9685,8724,25
9680,8714,27
9675,8709,26
9670,8708,24
9665,8707,23
9660,8702,22
9655,8695,23
9650,8693,23
9645,8698,22
9640,8705,22
9635,8708,23
9630,8706,24
9625,8701,23
9620,8699,24
9615,8702,23
9610,8704,24
9605,8699,22
9600,8691,22
9595,8684,23
9590,8680,23
9585,8679,23
9580,8682,23
9575,8687,23
9570,8696,21
9565,8702,21
9560,8696,21
9555,8679,22
9550,8655,22
9545,8623,22
9540,8585,21
9535,8547,21
9530,8514,22
9525,8489,22
9520,8475,22
9515,8475,23
9510,8487,23
9505,8496,22
9500,8498,23
9495,8493,24
9490,8482,23
9485,8467,23
9480,8452,22
9475,8438,21
9470,8426,22
9465,8416,21
9460,8407,22
9455,8401,24
9450,8396,26
9445,8394,25
9440,8391,24
9435,8386,25
9430,8376,24
9425,8363,22
9420,8351,23
9415,8344,21
9410,8339,21
9405,8327,22
9400,8311,23
9395,8297,26
9390,8294,26
9385,8300,24
9380,8308,24
9375,8310,23
9370,8306,21
9365,8310,21
9360,8320,23
9355,8329,23
9350,8336,25
9345,8344,23
9340,8350,22
9335,8352,23
9330,8347,24
9325,8338,26
9320,8328,28
9315,8320,27
9310,8314,25
9305,8308,24
9300,8303,25
9295,8297,24
9290,8290,23
9285,8281,25
9280,8271,26
9275,8260,25
9270,8249,26
9265,8239,29
9260,8231,32
9255,8227,32
9250,8224,31
9245,8223,30
9240,8224,28
9235,8226,28
9230,8228,28
9225,8231,27
9220,8234,26
9215,8236,24
9210,8236,23
9205,8233,25
9200,8225,24
9195,8215,24
9190,8209,25
9185,8211,25
9180,8221,23
9175,8235,24
9170,8249,26
9165,8258,25
9160,8261,25
9155,8259,25
9150,8252,24
9145,8241,21
9140,8228,21
9135,8217,20
9130,8205,21
9125,8188,20
9120,8173,21
9115,8171,20
9110,8175,21
9105,8181,21
9100,8184,21
9095,8182,21
9090,8174,22
9085,8160,21
9080,8148,23
9075,8143,22
9070,8143,22
9065,8146,21
9060,8149,21
9055,8159,23
9050,8173,23
9045,8186,23
9040,8191,21
9035,8183,20
9030,8165,20
9025,8142,19
9020,8124,19
9015,8111,19
9010,8092,19
9005,8075,19
9000,8063,19
8995,8041,20
8990,8016,22
8985,7998,21
8980,7983,21
8975,7970,20
8970,7961,19
8965,7958,20
8960,7964,19
8955,7971,20
8950,7971,21
8945,7970,22
8940,7969,21
8935,7965,22
8930,7960,22
8925,7957,24
8920,7964,22
8915,7979,20
8910,7992,20
8905,7996,20
8900,7991,21
8895,7978,21
8890,7966,22
8885,7969,21
8880,7981,21
8875,7991,20
8870,7993,21
8865,7982,22
8860,7968,23
8855,7957,22
8850,7950,21
8845,7947,20
8840,7949,20
8835,7959,21
8830,7976,22
8825,7991,21
8820,7999,21
8815,7995,21
8810,7987,23
8805,7984,23
8800,7985,23
8795,7987,24
8790,7986,23
8785,7981,21
8780,7971,21
8775,7955,21
8770,7942,22
8765,7935,21
8760,7934,21
8755,7934,20
8750,7933,21
8745,7932,21
8740,7935,22
8735,7941,21
8730,7944,21
8725,7937,21
8720,7925,20
8715,7916,20
8710,7917,20
8705,7921,19
8700,7920,20
8695,7912,21
8690,7906,20
8685,7902,21
8680,7903,22
8675,7909,22
8670,7919,22
8665,7929,20
8660,7934,21
8655,7929,21
8650,7918,21
8645,7903,20
8640,7886,22
8635,7867,22
8630,7854,22
8625,7852,21
8620,7859,21
8615,7868,22
8610,7873,23
8605,7867,23
8600,7848,21
8595,7821,20
8590,7794,20
8585,7775,21
8580,7771,20
8575,7775,21
8570,7782,22
8565,7788,21
8560,7791,20
8555,7789,20
8550,7781,19
8545,7763,19
8540,7737,20
8535,7726,21
8530,7727,20
8525,7731,20
8520,7726,20
8515,7713,21
8510,7702,22
8505,7703,20
8500,7712,19
8495,7722,21
8490,7725,20
8485,7723,19
8480,7721,21
8475,7720,20
8470,7721,19
8465,7721,19
8460,7718,20
8455,7708,19
8450,7695,20
8445,7687,22
8440,7687,21
8435,7690,21
8430,7688,21
8425,7677,19
8420,7660,20
8415,7644,20
8410,7629,21
8405,7615,19
8400,7605,20
8395,7602,19
8390,7596,20
8385,7582,20
8380,7566,21
8375,7552,20
8370,7538,20
8365,7524,19
8360,7515,18
8355,7514,18
8350,7514,18
8345,7502,18
8340,7486,18
8335,7479,18
8330,7474,18
8325,7463,19
8320,7453,19
8315,7445,19
8310,7441,21
8305,7438,21
8300,7436,20
8295,7436,20
8290,7436,20
8285,7430,21
8280,7420,20
8275,7414,20
8270,7417,20
8265,7428,19
8260,7440,20
8255,7447,20
8250,7449,20
8245,7452,22
8240,7457,21
8235,7463,21
8230,7467,24
8225,7464,23
8220,7456,21
8215,7447,21
8210,7439,22
8205,7433,22
8200,7427,21
8195,7419,22
8190,7407,23
8185,7388,23
8180,7366,21
8175,7342,21
8170,7319,22
8165,7302,23
8160,7292,21
8155,7287,20
8150,7288,20
8145,7291,21
8140,7295,20
8135,7299,19
8130,7301,20
8125,7301,22
8120,7299,21
8115,7296,21
8110,7293,24
8105,7293,26
8100,7295,26
8095,7298,24
8090,7303,23
8085,7308,22
8080,7313,24
8075,7318,26
8070,7321,28
8065,7323,28
8060,7322,27
8055,7320,26
8050,7315,25
8045,7308,26
8040,7299,26
8035,7286,27
8030,7270,26
8025,7251,25
8020,7230,23
8015,7209,24
8010,7192,25
8005,7181,25
8000,7178,22
7995,7181,20
7990,7185,20
7985,7186,20
7980,7183,21
7975,7173,20
7970,7158,21
7965,7142,23
7960,7129,24
7955,7123,24
7950,7124,22
7945,7124,22
7940,7115,22
7935,7093,21
7930,7066,23
7925,7044,23
7920,7029,21
7915,7019,20
7910,7013,20
7905,7015,21
7900,7029,21
7895,7053,20
7890,7073,22
7885,7083,22
7880,7082,23
7875,7071,23
7870,7054,22
7865,7036,22
7860,7025,22
7855,7022,20
7850,7022,20
7845,7016,21
7840,7006,20
7835,6993,21
7830,6980,21
7825,6970,20
7820,6966,21
7815,6973,21
7810,6985,20
7805,6995,21
7800,6995,21
7795,6982,20
7790,6964,22
7785,6950,21
7780,6942,20
7775,6938,22
7770,6939,21
7765,6941,21
7760,6943,22
7755,6942,22
7750,6937,21
7745,6931,22
7740,6924,23
7735,6920,22
7730,6916,21
7725,6914,22
7720,6913,22
7715,6912,22
7710,6912,23
7705,6910,24
7700,6906,22
7695,6900,21
7690,6891,22
7685,6878,22
7680,6863,24
7675,6846,26
7670,6827,24
7665,6809,22
7660,6796,22
7655,6788,21
7650,6785,21
7645,6787,23
7640,6791,23
7635,6797,21
7630,6801,20
7625,6801,21
7620,6793,21
7615,6779,20
7610,6764,21
7605,6754,22
7600,6752,20
7595,6754,21
7590,6752,21
7585,6744,20
7580,6729,21
7575,6706,22
7570,6677,20
7565,6648,20
7560,6625,21
7555,6612,20
7550,6609,19
7545,6616,21
7540,6631,21
7535,6652,20
7530,6672,20
7525,6681,21
7520,6674,21
7515,6651,20
7510,6625,22
7505,6608,22
7500,6603,20
7495,6604,22
7490,6605,22
7485,6602,20
7480,6595,21
7475,6586,23
7470,6577,22
7465,6569,20
7460,6563,20
7455,6563,21
7450,6569,20
7445,6579,18
7440,6590,17
7435,6592,14
7430,6560,14
7425,6501,14
7420,6449,14
7415,6428,14
7410,6417,14
7405,6414,15
7400,6423,15
7395,6432,16
7390,6439,16
7385,6444,15
7380,6455,16
7375,6467,16
7370,6471,16
7365,6464,16
7360,6455,17
7355,6451,19
7350,6451,19
7345,6453,18
7340,6452,19
7335,6447,20
7330,6435,19
7325,6420,18
7320,6404,18
7315,6390,19
7310,6381,19
7305,6377,18
7300,6377,18
7295,6378,19
7290,6380,20
7285,6380,20
7280,6377,19
7275,6371,18
7270,6361,18
7265,6348,19
7260,6331,18
7255,6312,17
7250,6293,19
7245,6277,20
7240,6266,19
7235,6259,18
7230,6256,18
7225,6257,20
7220,6261,21
7215,6268,21
7210,6277,22
7205,6287,23
7200,6297,25
7195,6306,27
7190,6312,27
7185,6315,24
7180,6313,22
7175,6303,22
7170,6284,23
7165,6254,22
7160,6215,20
7155,6177,20
7150,6147,21
7145,6131,20
7140,6133,18
7135,6144,19
7130,6158,20
7125,6168,18
7120,6176,19
7115,6182,21
7110,6186,21
7105,6189,21
7100,6191,21
7095,6193,19
7090,6195,18
7085,6194,20
7080,6193,19
7075,6189,19
7070,6184,20
7065,6179,19
7060,6175,20
7055,6175,21
7050,6178,20
7045,6183,19
7040,6187,19
7035,6189,19
7030,6186,19
7025,6181,20
7020,6174,21
7015,6167,20
7010,6159,19
7005,6151,19
7000,6142,20
6995,6133,19
6990,6124,19
6985,6117,20
6980,6112,19
6975,6109,20
6970,6109,22
6965,6110,21
6960,6109,20
6955,6105,21
6950,6096,20
6945,6081,19
6940,6067,19
6935,6060,18
6930,6058,20
6925,6058,19
6920,6060,18
6915,6062,19
6910,6063,20
6905,6062,18
6900,6058,18
6895,6050,18
6890,6039,18
6885,6027,18
6880,6017,18
6875,6015,19
6870,6020,18
6865,6025,18
6860,6025,17
6855,6019,17
6850,6009,17
6845,5997,17
6840,5990,18
6835,5989,17
6830,5987,18
6825,5982,18
6820,5987,19
6815,6002,18
6810,6015,18
6805,6016,17
6800,6003,18
6795,5984,19
6790,5968,19
6785,5955,19
6780,5945,18
6775,5937,18
6770,5938,19
6765,5945,19
6760,5954,18
6755,5957,19
6750,5950,19
6745,5934,19
6740,5916,22
6735,5902,22
6730,5891,21
6725,5884,21
6720,5881,23
6715,5880,22
6710,5882,21
6705,5886,21
6700,5890,22
6695,5894,22
6690,5898,20
6685,5899,19
6680,5895,19
6675,5883,19
6670,5866,21
6665,5849,19
6660,5834,18
6655,5825,18
6650,5820,18
6645,5817,18
6640,5814,16
6635,5807,16
6630,5796,18
6625,5786,19
6620,5780,20
6615,5780,19
6610,5782,20
6605,5779,19
6600,5773,17
6595,5769,18
6590,5772,18
6585,5780,17
6580,5789,18
6575,5794,19
6570,5790,19
6565,5781,18
6560,5769,19
6555,5757,20
6550,5750,20
6545,5749,19
6540,5749,19
6535,5746,19
6530,5742,19
6525,5740,19
6520,5743,18
6515,5748,20
6510,5752,20
6505,5751,19
6500,5743,20
6495,5726,20
6490,5706,20
6485,5691,21
6480,5684,20
6475,5684,20
6470,5687,21
6465,5691,19
6460,5693,20
6455,5691,20
6450,5684,19
6445,5673,21
6440,5658,20
6435,5645,20
6430,5642,20
6425,5650,19
6420,5662,18
6415,5669,17
6410,5662,17
6405,5643,17
6400,5623,17
6395,5598,17
6390,5576,18
6385,5560,19
6380,5557,20
6375,5567,20
6370,5581,20
6365,5594,21
6360,5598,20
6355,5594,19
6350,5586,21
6345,5581,20
6340,5578,19
6335,5580,20
6330,5584,18
6325,5587,18
6320,5583,19
6315,5572,18
6310,5556,18
6305,5539,19
6300,5520,19
6295,5501,17
6290,5482,16
6285,5463,17
6280,5444,19
6275,5424,18
6270,5406,17
6265,5391,17
6260,5381,18
6255,5379,19
6250,5385,18
6245,5397,17
6240,5413,16
6235,5427,17
6230,5437,17
6225,5439,17
6220,5434,16
6215,5425,16
6210,5413,17
6205,5399,18
6200,5385,17
6195,5372,16
6190,5359,16
6185,5345,17
6180,5330,18
6175,5316,18
6170,5302,17
6165,5292,17
6160,5287,18
6155,5291,18
6150,5303,18
6145,5321,17
6140,5339,18
6135,5353,19
6130,5358,19
6125,5352,19
6120,5336,18
6115,5316,19
6110,5296,21
6105,5279,22
6100,5270,21
6095,5270,19
6090,5278,17
6085,5290,18
6080,5303,17
6075,5314,16
6070,5319,18
6065,5318,18
6060,5310,17
6055,5304,18
6050,5307,17
6045,5317,17
6040,5326,19
6035,5328,19
6030,5326,21
6025,5323,21
6020,5319,21
6015,5314,23
6010,5307,23
6005,5297,20
6000,5276,17
5995,5248,16
5990,5228,16
5985,5207,16
5980,5200,16
5975,5207,17
5970,5218,18
5965,5230,17
5960,5239,17
5955,5244,18
5950,5242,18
5945,5232,17
5940,5218,16
5935,5202,17
5930,5187,17
5925,5175,16
5920,5165,16
5915,5154,17
5910,5140,17
5905,5122,17
5900,5103,19
5895,5085,19
5890,5070,17
5885,5059,19
5880,5053,20
5875,5052,18
5870,5053,18
5865,5053,18
5860,5051,17
5855,5046,16
5850,5041,16
5845,5038,16
5840,5031,16
5835,5027,16
5830,5035,16
5825,5054,16
5820,5066,15
5815,5070,15
5810,5075,15
5805,5081,15
5800,5084,16
5795,5082,16
5790,5080,17
5785,5081,16
5780,5083,17
5775,5084,16
5770,5084,17
5765,5079,17
5760,5072,16
5755,5059,17
5750,5043,16
5745,5027,17
5740,5016,16
5735,5008,16
5730,5001,17
5725,4994,16
5720,4986,16
5715,4980,16
5710,4974,16
5705,4969,15
5700,4968,15
5695,4969,16
5690,4973,15
5685,4977,16
5680,4978,15
5675,4979,16
5670,4982,16
5665,4983,16
5660,4969,15
5655,4946,16
5650,4928,16
5645,4919,16
5640,4919,14
5635,4924,13
5630,4931,13
5625,4937,13
5620,4947,13
5615,4958,13
5610,4953,14
5605,4933,14
5600,4907,14
5595,4882,13
5590,4856,13
5585,4825,13
5580,4794,14
5575,4774,14
5570,4761,14
5565,4755,14
5560,4756,13
5555,4756,15
5550,4753,16
5545,4750,16
5540,4751,15
5535,4757,16
5530,4766,15
5525,4773,16
5520,4773,16
5515,4770,16
5510,4773,17
5505,4786,16
5500,4799,16
5495,4803,15
5490,4796,16
5485,4783,15
5480,4764,16
5475,4744,15
5470,4723,16
5465,4706,15
5460,4694,16
5455,4688,15
5450,4684,15
5445,4673,15
5440,4653,15
5435,4636,15
5430,4628,15
5425,4630,15
5420,4639,15
5415,4651,14
5410,4660,15
5405,4668,15
5400,4672,15
5395,4672,15
5390,4670,15
5385,4675,15
5380,4685,15
5375,4697,15
5370,4705,15
5365,4706,15
5360,4701,16
5355,4694,15
5350,4691,16
5345,4698,15
5340,4706,15
5335,4706,15
5330,4690,15
5325,4662,15
5320,4629,15
5315,4600,15
5310,4577,15
5305,4560,15
5300,4549,16
5295,4540,14
5290,4531,14
5285,4518,14
5280,4506,15
5275,4495,15
5270,4487,15
5265,4482,15
5260,4478,15
5255,4475,15
5250,4475,14
5245,4480,14
5240,4484,14
5235,4480,14
5230,4473,15
5225,4475,14
5220,4480,15
5215,4476,14
5210,4464,14
5205,4458,15
5200,4464,14
5195,4470,15
5190,4478,14
5185,4488,14
5180,4495,15
5175,4498,14
5170,4499,14
5165,4506,14
5160,4518,15
5155,4526,14
5150,4529,14
5145,4524,15
5140,4514,16
5135,4503,15
5130,4495,16
5125,4487,15
5120,4482,15
5115,4482,16
5110,4486,16
5105,4496,15
5100,4507,16
5095,4514,15
5090,4514,16
5085,4510,16
5080,4506,16
5075,4506,16
5070,4503,16
5065,4500,16
5060,4499,16
5055,4489,16
5050,4470,16
5045,4451,15
5040,4436,16
5035,4427,16
5030,4421,16
5025,4414,15
5020,4409,15
5015,4411,16
5010,4421,15
5005,4432,16
5000,4439,15
4999,4439,15
4998,4440,15
4997,4440,15
4996,4440,15
4995,4440,15
4994,4439,15
4993,4439,15
4992,4439,15
4991,4439,15
4990,4439,15
4989,4438,15
4988,4438,15
4987,4438,15
4986,4438,15
4985,4437,15
4984,4436,15
4983,4435,15
4982,4434,15
4981,4432,15
4980,4429,15
4979,4426,15
4978,4423,15
4977,4420,14
4976,4416,15
4975,4413,15
4974,4410,15
4973,4408,15
4972,4405,15
4971,4403,15
4970,4402,15
4969,4400,15
4968,4398,15
4967,4397,15
4966,4396,15
4965,4394,15
4964,4392,15
4963,4390,15
4962,4388,15
4961,4386,15
4960,4384,15
4959,4381,15
4958,4379,15
4957,4376,15
4956,4374,15
4955,4372,15
4954,4370,15
4953,4368,15
4952,4366,16
4951,4365,16
4950,4364,16
4949,4363,16
4948,4363,16
4947,4363,16
4946,4364,16
4945,4364,15
4944,4365,15
4943,4366,15
4942,4367,15
4941,4369,15
4940,4370,15
4939,4371,15
4938,4373,16
4937,4374,16
4936,4375,16
4935,4377,16
4934,4378,16
4933,4379,16
4932,4379,16
4931,4380,15
4930,4381,15
4929,4382,15
4928,4382,15
4927,4383,15
4926,4383,16
4925,4383,16
4924,4384,16
4923,4384,16
4922,4384,17
4921,4384,17
4920,4384,17
4919,4384,17
4918,4383,17
4917,4383,16
4916,4383,16
4915,4383,16
4914,4382,16
4913,4382,15
4912,4381,15
4911,4381,15
4910,4381,15
4909,4381,15
4908,4380,15
4907,4380,15
4906,4380,16
4905,4380,16
4904,4380,16
4903,4380,16
4902,4380,16
4901,4380,16
4900,4381,15
4899,4381,15
4898,4382,15
4897,4382,15
4896,4383,15
4895,4383,15
4894,4383,15
4893,4384,15
4892,4384,16
4891,4384,16
4890,4384,16
4889,4384,16
4888,4384,17
4887,4383,17
4886,4383,17
4885,4382,16
4884,4381,16
4883,4380,16
4882,4379,16
4881,4377,16
4880,4376,15
4879,4374,15
4878,4372,15
4877,4370,15
4876,4368,15
4875,4366,15
4874,4364,15
4873,4361,15
4872,4359,16
4871,4356,16
4870,4354,16
4869,4351,16
4868,4348,16
4867,4345,16
4866,4342,15
4865,4338,15
4864,4335,15
4863,4332,15
4862,4329,14
4861,4325,14
4860,4322,14
4859,4318,15
4858,4315,15
4857,4312,15
4856,4308,15
4855,4305,16
4854,4302,16
4853,4299,16
4852,4296,16
4851,4293,16
4850,4290,16
4849,4287,15
4848,4284,15
4847,4281,15
4846,4278,15
4845,4275,15
4844,4272,15
4843,4269,15
4842,4266,15
4841,4262,15
4840,4259,15
4839,4256,15
4838,4252,15
4837,4249,15
4836,4245,15
4835,4241,15
4834,4237,15
4833,4233,15
4832,4229,15
4831,4225,15
4830,4220,14
4829,4216,14
4828,4212,14
4827,4208,14
4826,4204,14
4825,4200,14
4824,4196,15
4823,4192,15
4822,4188,15
4821,4185,15
4820,4182,15
4819,4179,15
4818,4177,15
4817,4174,15
4816,4172,15
4815,4170,15
4814,4168,14
4813,4166,14
4812,4165,14
4811,4163,14
4810,4162,15
4809,4160,15
4808,4159,15
4807,4157,15
4806,4156,15
4805,4154,16
4804,4153,16
4803,4151,16
4802,4149,16
4801,4148,15
4800,4146,15
4799,4144,15
4798,4142,15
4797,4140,14
4796,4138,14
4795,4136,14
4794,4135,14
4793,4133,14
4792,4131,14
4791,4129,14
4790,4127,14
4789,4126,14
4788,4124,14
4787,4122,14
4786,4121,15
4785,4119,15
4784,4118,15
4783,4117,15
4782,4115,14
4781,4114,14
4780,4113,14
4779,4113,14
4778,4112,14
4777,4111,14
4776,4111,14
4775,4111,14
4774,4111,14
4773,4111,14
4772,4112,14
4771,4113,14
4770,4114,15
4769,4115,15
4768,4116,15
4767,4118,15
4766,4120,15
4765,4123,15
4764,4126,15
4763,4128,15
4762,4132,15
4761,4135,15
4760,4139,15
4759,4142,14
4758,4146,14
4757,4150,14
4756,4154,14
4755,4158,14
4754,4161,14
4753,4165,14
4752,4169,14
4751,4173,14
4750,4176,14
4749,4180,14
4748,4183,15
4747,4186,15
4746,4188,15
4745,4190,15
4744,4192,15
4743,4194,15
4742,4195,15
4741,4196,15
4740,4196,15
4739,4196,15
4738,4196,14
4737,4195,14
4736,4194,14
4735,4192,14
4734,4191,14
4733,4189,14
4732,4187,14
4731,4185,15
4730,4183,15
4729,4181,15
4728,4180,16
4727,4178,16
4726,4176,16
4725,4175,16
4724,4174,16
4723,4173,16
4722,4172,16
4721,4171,16
4720,4171,16
4719,4170,16
4718,4170,15
4717,4170,15
4716,4169,15
4715,4169,15
4714,4169,15
4713,4168,15
4712,4168,15
4711,4168,15
4710,4167,15
4709,4167,15
4708,4166,15
4707,4166,15
4706,4165,15
4705,4164,15
4704,4162,15
4703,4161,15
4702,4159,15
4701,4158,15
4700,4155,15
4699,4153,15
4698,4151,15
4697,4149,15
4696,4146,15
4695,4144,15
4694,4141,15
4693,4139,15
4692,4137,15
4691,4135,16
4690,4134,16
4689,4132,16
4688,4131,16
4687,4130,16
4686,4130,16
4685,4130,16
4684,4131,15
4683,4131,15
4682,4132,15
4681,4134,14
4680,4135,14
4679,4137,15
4678,4139,15
4677,4141,15
4676,4144,16
4675,4146,16
4674,4149,16
4673,4151,17
4672,4154,17
4671,4156,17
4670,4159,17
4669,4161,16
4668,4164,16
4667,4166,16
4666,4168,15
4665,4170,15
4664,4171,15
4663,4173,15
4662,4174,15
4661,4174,15
4660,4175,15
4659,4174,15
4658,4174,15
4657,4173,16
4656,4171,16
4655,4169,15
4654,4167,15
4653,4164,15
4652,4161,15
4651,4158,15
4650,4155,15
4649,4152,15
4648,4149,16
4647,4146,16
4646,4143,16
4645,4141,17
4644,4139,17
4643,4137,17
4642,4136,16
4641,4136,16
4640,4135,16
4639,4136,16
4638,4136,15
4637,4137,15
4636,4137,15
4635,4138,15
4634,4139,16
4633,4140,16
4632,4140,16
4631,4141,16
4630,4141,16
4629,4141,16
4628,4140,16
4627,4140,16
4626,4139,15
4625,4138,15
4624,4136,16
4623,4135,16
4622,4133,16
4621,4131,16
4620,4129,16
4619,4127,16
4618,4125,16
4617,4122,16
4616,4120,16
4615,4118,15
4614,4116,15
4613,4114,15
4612,4112,16
4611,4110,16
4610,4109,16
4609,4108,17
4608,4107,17
4607,4107,17
4606,4107,17
4605,4107,17
4604,4108,17
4603,4109,17
4602,4110,16
4601,4111,17
4600,4113,17
4599,4114,17
4598,4115,17
4597,4117,18
4596,4118,18
4595,4119,18
4594,4120,18
4593,4121,18
4592,4122,17
4591,4122,17
4590,4122,17
4589,4122,17
4588,4122,16
4587,4121,16
4586,4120,16
4585,4119,16
4584,4118,16
4583,4116,16
4582,4115,15
4581,4113,15
4580,4111,15
4579,4109,15
4578,4106,16
4577,4104,16
4576,4101,16
4575,4098,17
4574,4095,17
4573,4092,16
4572,4089,16
4571,4086,16
4570,4083,16
4569,4081,16
4568,4079,17
4567,4077,17
4566,4076,17
4565,4075,17
4564,4075,17
4563,4075,16
4562,4075,16
4561,4076,16
4560,4077,16
4559,4078,17
4558,4079,17
4557,4080,17
4556,4081,17
4555,4082,17
4554,4083,17
4553,4083,17
4552,4083,17
4551,4084,17
4550,4084,17
4549,4084,17
4548,4084,17
4547,4085,17
4546,4085,17
4545,4086,16
4544,4087,16
4543,4087,16
4542,4088,16
4541,4089,15
4540,4090,15
4539,4090,15
4538,4090,15
4537,4090,16
4536,4090,16
4535,4089,16
4534,4088,16
4533,4087,16
4532,4085,16
4531,4082,16
4530,4079,16
4529,4076,16
4528,4073,17
4527,4069,17
4526,4064,17
4525,4060,16
4524,4055,16
4523,4050,16
4522,4045,16
4521,4040,16
4520,4035,16
4519,4030,16
4518,4026,16
4517,4021,16
4516,4017,16
4515,4014,17
4514,4010,16
4513,4007,16
4512,4005,16
4511,4003,16
4510,4001,16
4509,4000,17
4508,3998,17
4507,3997,17
4506,3996,17
4505,3996,16
4504,3995,16
4503,3995,16
4502,3994,16
4501,3994,16
4500,3994,16
4499,3994,16
4498,3994,16
4497,3994,16
4496,3994,16
4495,3995,16
4494,3995,16
4493,3995,16
4492,3995,16
4491,3996,16
4490,3997,16
4489,3998,16
4488,3999,16
4487,4000,16
4486,4002,16
4485,4004,16
4484,4006,16
4483,4008,16
4482,4010,16
4481,4012,16
4480,4014,16
4479,4016,16
4478,4018,16
4477,4019,16
4476,4021,16
4475,4022,16
4474,4023,16
4473,4024,16
4472,4024,16
4471,4025,16
4470,4026,17
4469,4027,17
4468,4028,17
4467,4030,17
4466,4032,16
4465,4034,16
4464,4037,16
4463,4039,16
4462,4041,16
4461,4043,16
4460,4044,16
4459,4046,16
4458,4046,16
4457,4047,16
4456,4046,16
4455,4046,16
4454,4045,16
4453,4043,16
4452,4041,17
4451,4038,17
4450,4035,17
4449,4032,17
4448,4029,17
4447,4025,17
4446,4021,17
4445,4017,16
4444,4013,16
4443,4009,16
4442,4005,16
4441,4002,16
4440,3999,17
4439,3997,16
4438,3996,16
4437,3994,16
4436,3994,16
4435,3993,16
4434,3993,16
4433,3993,16
4432,3994,16
4431,3995,16
4430,3996,16
4429,3997,15
4428,3998,15
4427,3998,15
4426,3998,15
4425,3997,15
4424,3995,15
4423,3991,15
4422,3987,15
4421,3982,15
4420,3976,15
4419,3970,14
4418,3963,14
4417,3957,15
4416,3951,15
4415,3945,15
4414,3939,15
4413,3934,15
4412,3930,16
4411,3926,16
4410,3922,16
4409,3918,16
4408,3914,16
4407,3910,16
4406,3907,17
4405,3904,17
4404,3901,17
4403,3899,17
4402,3897,17
4401,3896,17
4400,3894,16
4399,3894,16
4398,3893,16
4397,3893,16
4396,3892,16
4395,3892,16
4394,3892,16
4393,3892,17
4392,3892,17
4391,3892,17
4390,3892,16
4389,3892,16
4388,3892,16
4387,3891,15
4386,3891,15
4385,3891,15
4384,3890,15
4383,3890,16
4382,3890,16
4381,3889,16
4380,3889,15
4379,3889,15
4378,3889,15
4377,3889,15
4376,3889,15
4375,3889,16
4374,3890,16
4373,3891,16
4372,3892,17
4371,3893,17
4370,3894,17
4369,3896,17
4368,3898,16
4367,3900,16
4366,3902,16
4365,3903,16
4364,3905,16
4363,3906,16
4362,3906,16
4361,3905,16
4360,3905,16
4359,3903,16
4358,3902,16
4357,3900,16
4356,3898,17
4355,3895,17
4354,3893,17
4353,3891,18
4352,3889,18
4351,3887,18
4350,3885,18
4349,3883,18
4348,3881,18
4347,3879,18
4346,3878,18
4345,3877,18
4344,3876,18
4343,3875,17
4342,3874,17
4341,3874,17
4340,3874,16
4339,3874,17
4338,3875,17
4337,3876,17
4336,3877,17
4335,3878,17
4334,3880,17
4333,3882,17
4332,3883,17
4331,3885,17
4330,3887,17
4329,3889,17
4328,3891,17
4327,3893,17
4326,3894,16
4325,3896,16
4324,3897,16
4323,3898,16
4322,3899,16
4321,3900,16
4320,3901,16
4319,3901,16
4318,3901,16
4317,3901,16
4316,3901,16
4315,3901,16
4314,3900,17
4313,3900,17
4312,3900,17
4311,3900,18
4310,3900,18
4309,3900,18
4308,3900,17
4307,3900,17
4306,3900,17
4305,3900,17
4304,3899,17
4303,3899,17
4302,3898,17
4301,3897,17
4300,3895,17
4299,3893,16
4298,3891,16
4297,3889,16
4296,3886,16
4295,3883,16
4294,3880,16
4293,3877,17
4292,3874,17
4291,3871,17
4290,3868,17
4289,3866,17
4288,3863,16
4287,3861,16
4286,3859,16
4285,3858,15
4284,3857,16
4283,3856,16
4282,3855,16
4281,3855,16
4280,3855,16
4279,3855,16
4278,3856,16
4277,3857,15
4276,3858,15
4275,3859,15
4274,3861,16
4273,3862,16
4272,3864,17
4271,3865,17
4270,3866,17
4269,3867,17
4268,3868,17
4267,3868,17
4266,3869,17
4265,3869,17
4264,3870,17
4263,3870,17
4262,3870,17
4261,3870,18
4260,3870,18
4259,3870,17
4258,3869,17
4257,3869,17
4256,3868,17
4255,3868,17
4254,3867,17
4253,3866,17
4252,3865,17
4251,3864,17
4250,3863,17
4249,3861,16
4248,3860,16
4247,3858,16
4246,3856,15
4245,3854,16
4244,3852,16
4243,3850,16
4242,3847,15
4241,3844,15
4240,3841,15
4239,3838,16
4238,3835,16
4237,3832,16
4236,3829,16
4235,3826,16
4234,3824,16
4233,3822,16
4232,3820,16
4231,3818,16
4230,3815,16
4229,3813,16
4228,3811,16
4227,3809,16
4226,3807,16
4225,3805,16
4224,3803,17
4223,3801,17
4222,3800,17
4221,3798,17
4220,3796,17
4219,3795,17
4218,3794,17
4217,3793,16
4216,3792,16
4215,3791,17
4214,3791,17
4213,3791,17
4212,3791,17
4211,3792,17
4210,3793,17
4209,3795,16
4208,3796,16
4207,3798,16
4206,3801,16
4205,3803,16
4204,3806,16
4203,3808,16
4202,3811,16
4201,3814,16
4200,3816,16
4199,3819,16
4198,3822,16
4197,3824,16
4196,3826,16
4195,3828,16
4194,3829,16
4193,3830,16
4192,3831,16
4191,3831,16
4190,3831,16
4189,3831,15
4188,3830,15
4187,3828,16
4186,3827,15
4185,3825,15
4184,3823,15
4183,3821,15
4182,3820,15
4181,3818,15
4180,3816,16
4179,3815,16
4178,3814,16
4177,3813,16
4176,3813,16
4175,3813,16
4174,3813,16
4173,3813,16
4172,3814,16
4171,3815,16
4170,3816,16
4169,3817,16
4168,3819,16
4167,3821,15
4166,3822,15
4165,3824,15
4164,3825,16
4163,3825,16
4162,3825,16
4161,3824,16
4160,3822,16
4159,3820,16
4158,3817,16
4157,3813,16
4156,3809,16
4155,3805,16
4154,3800,16
4153,3795,16
4152,3790,17
4151,3784,17
4150,3779,17
4149,3774,16
4148,3769,16
4147,3764,16
4146,3760,15
4145,3755,15
4144,3752,15
4143,3748,16
4142,3745,16
4141,3742,15
4140,3740,15
4139,3738,15
4138,3737,15
4137,3736,15
4136,3736,15
4135,3736,15
4134,3736,15
4133,3737,15
4132,3738,15
4131,3739,15
4130,3741,15
4129,3743,15
4128,3744,15
4127,3746,15
4126,3748,15
4125,3750,15
4124,3751,15
4123,3753,16
4122,3755,16
4121,3757,16
4120,3758,17
4119,3760,17
4118,3762,17
4117,3763,17
4116,3765,16
4115,3766,16
4114,3768,16
4113,3769,16
4112,3770,16
4111,3772,16
4110,3773,16
4109,3774,16
4108,3774,15
4107,3775,15
4106,3776,15
4105,3776,15
4104,3776,15
4103,3775,15
4102,3774,15
4101,3772,15
4100,3771,15
4099,3769,15
4098,3766,15
4097,3763,15
4096,3760,15
4095,3756,16
4094,3753,16
4093,3749,16
4092,3745,16
4091,3741,17
4090,3737,17
4089,3733,17
4088,3729,18
4087,3725,18
4086,3721,18
4085,3717,17
4084,3713,17
4083,3710,17
4082,3707,17
4081,3703,17
4080,3701,17
4079,3698,17
4078,3696,17
4077,3694,17
4076,3692,17
4075,3690,17
4074,3689,17
4073,3688,17
4072,3688,16
4071,3687,16
4070,3686,17
4069,3685,17
4068,3684,17
4067,3683,17
4066,3682,17
4065,3681,16
4064,3680,16
4063,3679,16
4062,3678,16
4061,3676,16
4060,3676,16
4059,3675,16
4058,3674,17
4057,3674,17
4056,3674,17
4055,3674,16
4054,3674,16
4053,3675,16
4052,3675,17
4051,3676,17
4050,3677,17
4049,3679,18
4048,3680,18
4047,3682,18
4046,3683,17
4045,3685,17
4044,3686,16
4043,3688,16
4042,3690,16
4041,3692,16
4040,3694,16
4039,3696,16
4038,3698,16
4037,3700,16
4036,3702,16
4035,3703,16
4034,3705,16
4033,3707,16
4032,3709,16
4031,3710,16
4030,3712,17
4029,3713,17
4028,3714,16
4027,3715,16
4026,3716,16
4025,3717,16
4024,3717,15
4023,3718,16
4022,3718,16
4021,3718,16
4020,3718,17
4019,3718,17
4018,3717,17
4017,3717,17
4016,3717,17
4015,3716,17
4014,3715,17
4013,3714,17
4012,3714,16
4011,3713,17
4010,3712,17
4009,3711,17
4008,3710,16
4007,3710,16
4006,3709,16
4005,3708,16
4004,3708,16
4003,3707,16
4002,3706,16
4001,3706,16
4000,3705,17
3999,3704,17
3998,3703,17
3997,3702,17
3996,3702,17
3995,3700,17
3994,3699,17
3993,3698,17
3992,3696,17
3991,3695,17
3990,3692,17
3989,3690,17
3988,3687,17
3987,3684,16
3986,3681,16
3985,3678,16
3984,3675,15
3983,3671,15
3982,3668,16
3981,3665,16
3980,3662,16
3979,3658,16
3978,3655,17
3977,3653,16
3976,3650,16
3975,3648,16
3974,3646,16
3973,3644,16
3972,3642,17
3971,3640,17
3970,3638,17
3969,3636,17
3968,3634,17
3967,3632,17
3966,3630,16
3965,3628,16
3964,3626,16
3963,3624,16
3962,3622,16
3961,3620,16
3960,3619,17
3959,3618,17
3958,3617,17
3957,3616,17
3956,3615,17
3955,3615,16
3954,3615,16
3953,3615,16
3952,3616,17
3951,3617,17
3950,3619,17
3949,3621,17
3948,3624,17
3947,3627,17
3946,3631,17
3945,3634,16
3944,3637,16
3943,3641,16
3942,3644,16
3941,3646,17
3940,3649,17
3939,3651,17
3938,3652,18
3937,3652,18
3936,3652,18
3935,3651,17
3934,3649,17
3933,3647,16
3932,3644,16
3931,3641,16
3930,3638,16
3929,3635,16
3928,3631,16
3927,3628,16
3926,3625,16
3925,3623,16
3924,3621,16
3923,3619,16
3922,3618,16
3921,3617,16
3920,3616,16
3919,3616,16
3918,3616,16
3917,3616,16
3916,3616,16
3915,3617,17
3914,3617,17
3913,3617,17
3912,3617,17
3911,3617,17
3910,3617,16
3909,3617,16
3908,3616,16
3907,3615,16
3906,3614,16
3905,3613,16
3904,3612,16
3903,3611,16
3902,3609,16
3901,3607,16
3900,3606,16
3899,3604,16
3898,3602,16
3897,3600,16
3896,3599,16
3895,3597,16
3894,3595,16
3893,3593,17
3892,3592,17
3891,3590,16
3890,3589,16
3889,3588,16
3888,3587,15
3887,3586,15
3886,3585,14
3885,3584,14
3884,3583,15
3883,3582,15
3882,3581,15
3881,3580,16
3880,3579,16
3879,3578,16
3878,3577,16
3877,3576,16
3876,3574,16
3875,3573,16
3874,3572,17
3873,3571,17
3872,3570,17
3871,3570,18
3870,3569,18
3869,3568,19
3868,3568,19
3867,3567,20
3866,3567,20
3865,3567,20
3864,3567,19
3863,3568,19
3862,3568,19
3861,3568,18
3860,3568,18
3859,3569,18
3858,3569,18
3857,3570,18
3856,3570,18
3855,3570,18
3854,3570,19
3853,3570,19
3852,3570,19
3851,3569,20
3850,3569,20
3849,3568,20
3848,3567,19
3847,3566,19
3846,3564,19
3845,3562,18
3844,3561,18
3843,3559,17
3842,3557,17
3841,3554,17
3840,3552,17
3839,3549,17
3838,3547,17
3837,3544,17
3836,3541,18
3835,3538,18
3834,3534,18
3833,3531,19
3832,3528,19
3831,3524,19
3830,3521,19
3829,3517,18
3828,3513,18
3827,3509,18
3826,3506,17
3825,3502,17
3824,3498,16
3823,3495,16
3822,3491,16
3821,3488,17
3820,3484,17
3819,3481,17
3818,3478,18
3817,3475,18
3816,3473,19
3815,3471,19
3814,3469,19
3813,3467,19
3812,3465,19
3811,3464,19
3810,3463,19
3809,3463,18
3808,3463,18
3807,3463,18
3806,3463,18
3805,3464,18
3804,3465,18
3803,3466,18
3802,3468,18
3801,3470,19
3800,3472,19
3799,3475,19
3798,3478,19
3797,3481,19
3796,3485,19
3795,3489,19
3794,3492,18
3793,3496,18
3792,3500,18
3791,3504,18
3790,3508,18
3789,3511,18
3788,3514,19
3787,3517,19
3786,3520,19
3785,3522,20
3784,3523,20
3783,3524,20
3782,3524,20
3781,3524,20
3780,3523,19
3779,3521,19
3778,3519,19
3777,3517,18
3776,3515,18
3775,3513,18
3774,3510,18
3773,3507,18
3772,3504,18
3771,3502,18
3770,3499,18
3769,3496,19
3768,3494,19
3767,3492,19
3766,3490,18
3765,3489,18
3764,3488,18
3763,3487,17
3762,3486,17
3761,3485,17
3760,3485,16
3759,3485,16
3758,3485,16
3757,3485,16
3756,3486,17
3755,3486,17
3754,3487,17
3753,3488,18
3752,3489,18
3751,3491,18
3750,3492,18
3749,3494,18
3748,3495,18
3747,3497,18
3746,3499,18
3745,3501,17
3744,3503,17
3743,3504,16
3742,3506,16
3741,3508,16
3740,3509,16
3739,3510,16
3738,3511,16
3737,3512,17
3736,3512,17
3735,3513,17
3734,3512,17
3733,3512,18
3732,3511,18
3731,3509,18
3730,3508,18
3729,3505,17
3728,3503,17
3727,3500,17
3726,3496,16
3725,3493,16
3724,3490,16
3723,3486,16
3722,3483,16
3721,3479,16
3720,3476,17
3719,3473,17
3718,3470,17
3717,3468,18
3716,3465,18
3715,3464,18
3714,3463,18
3713,3462,18
3712,3462,18
3711,3462,17
3710,3462,17
3709,3463,17
3708,3464,17
3707,3465,17
3706,3465,17
3705,3466,17
3704,3467,17
3703,3467,18
3702,3467,18
3701,3466,18
3700,3465,19
3699,3464,19
3698,3461,19
3697,3459,18
3696,3456,18
3695,3452,18
3694,3448,18
3693,3444,17
3692,3440,17
3691,3435,17
3690,3431,18
3689,3427,18
3688,3422,18
3687,3418,18
3686,3414,19
3685,3410,19
3684,3407,19
3683,3404,19
3682,3401,18
3681,3399,18
3680,3397,18
3679,3395,17
3678,3394,17
3677,3393,17
3676,3393,17
3675,3393,18
3674,3393,18
3673,3394,19
3672,3395,19
3671,3396,19
3670,3398,20
3669,3400,20
3668,3402,20
3667,3405,20
3666,3408,19
3665,3411,19
3664,3415,18
3663,3418,18
3662,3421,17
3661,3425,17
3660,3428,17
3659,3430,17
3658,3433,17
3657,3435,17
3656,3437,16
3655,3438,16
3654,3439,16
3653,3439,16
3652,3439,15
3651,3438,15
3650,3436,14
3649,3433,14
3648,3431,14
3647,3428,13
3646,3425,13
3645,3422,13
3644,3420,13
3643,3417,13
3642,3413,13
3641,3409,13
3640,3405,13
3639,3401,13
3638,3397,13
3637,3393,13
3636,3390,13
3635,3388,13
3634,3386,13
3633,3385,12
3632,3384,12
3631,3383,12
3630,3383,12
3629,3383,12
3628,3382,12
3627,3382,12
3626,3382,12
3625,3382,12
3624,3382,12
3623,3381,12
3622,3381,12
3621,3381,12
3620,3381,12
3619,3380,12
3618,3379,12
3617,3378,11
3616,3377,11
3615,3375,11
3614,3374,11
3613,3373,11
3612,3373,11
3611,3373,11
3610,3373,11
3609,3374,11
3608,3375,11
3607,3376,11
3606,3376,11
3605,3377,11
3604,3378,11
3603,3380,11
3602,3382,11
3601,3385,11
3600,3388,11
3599,3390,11
3598,3392,11
3597,3393,11
3596,3393,11
3595,3391,11
3594,3389,11
3593,3386,11
3592,3384,11
3591,3382,11
3590,3381,11
3589,3381,11
3588,3381,11
3587,3380,11
3586,3380,11
3585,3379,11
3584,3378,11
3583,3377,11
3582,3377,11
3581,3376,11
3580,3375,11
3579,3374,11
3578,3373,11
3577,3372,11
3576,3370,11
3575,3367,11
3574,3364,11
3573,3361,11
3572,3357,11
3571,3354,11
3570,3350,11
3569,3347,11
3568,3344,11
3567,3342,11
3566,3339,11
3565,3336,11
3564,3333,11
3563,3329,11
3562,3326,11
3561,3323,11
3560,3320,11
3559,3317,11
3558,3314,11
3557,3312,11
3556,3311,11
3555,3311,11
3554,3311,11
3553,3312,11
3552,3313,11
3551,3312,11
3550,3311,11
3549,3310,11
3548,3308,11
3547,3305,11
3546,3303,11
3545,3301,11
3544,3301,11
3543,3302,11
3542,3305,11
3541,3307,11
3540,3308,11
3539,3309,11
3538,3309,11
3537,3308,11
3536,3308,11
3535,3309,11
3534,3310,11
3533,3311,11
3532,3312,11
3531,3312,11
3530,3312,11
3529,3313,11
3528,3313,11
3527,3313,11
3526,3314,11
3525,3316,11
3524,3318,11
3523,3321,11
3522,3323,11
3521,3324,11
3520,3325,11
3519,3325,11
3518,3325,11
3517,3324,11
3516,3323,11
3515,3322,11
3514,3322,11
3513,3321,11
3512,3320,11
3511,3318,11
3510,3316,11
3509,3314,11
3508,3311,11
3507,3310,11
3506,3310,11
3505,3311,11
3504,3314,11
3503,3317,11
3502,3319,11
3501,3321,11
3500,3322,11
3499,3323,11
3498,3322,11
3497,3321,11
3496,3318,11
3495,3316,11
3494,3314,11
3493,3311,11
3492,3309,11
3491,3307,11
3490,3305,11
3489,3303,11
3488,3301,11
3487,3299,11
3486,3297,11
3485,3296,11
3484,3294,11
3483,3291,11
3482,3287,11
3481,3282,11
3480,3276,11
3479,3271,11
3478,3267,11
3477,3266,11
3476,3267,11
3475,3270,11
3474,3275,11
3473,3279,11
3472,3282,11
3471,3282,11
3470,3281,11
3469,3279,11
3468,3275,11
3467,3271,11
3466,3268,11
3465,3266,11
3464,3264,11
3463,3263,11
3462,3264,11
3461,3264,11
3460,3264,11
3459,3263,11
3458,3261,11
3457,3257,12
3456,3253,12
3455,3249,12
3454,3244,12
3453,3240,12
3452,3236,12
3451,3231,12
3450,3227,12
3449,3223,12
3448,3219,13
3447,3215,13
3446,3211,13
3445,3207,14
3444,3203,14
3443,3200,14
3442,3197,14
3441,3194,15
3440,3191,15
3439,3189,15
3438,3188,15
3437,3187,15
3436,3187,15
3435,3187,15
3434,3188,15
3433,3189,16
3432,3191,16
3431,3193,16
3430,3195,16
3429,3197,16
3428,3200,16
3427,3202,16
3426,3204,16
3425,3207,17
3424,3209,17
3423,3210,18
3422,3212,18
3421,3213,18
3420,3214,18
3419,3214,17
3418,3215,17
3417,3215,17
3416,3215,17
3415,3215,16
3414,3214,17
3413,3214,17
3412,3213,17
3411,3212,17
3410,3211,17
3409,3210,17
3408,3208,17
3407,3207,17
3406,3205,17
3405,3204,16
3404,3202,16
3403,3201,16
3402,3199,15
3401,3197,15
3400,3195,15
3399,3193,15
3398,3192,15
3397,3190,15
3396,3188,15
3395,3186,16
3394,3184,16
3393,3182,17
3392,3181,17
3391,3179,17
3390,3177,17
3389,3176,17
3388,3174,17
3387,3172,17
3386,3171,17
3385,3169,16
3384,3168,16
3383,3167,16
3382,3165,16
3381,3164,16
3380,3162,16
3379,3160,17
3378,3159,17
3377,3157,18
3376,3155,18
3375,3154,19
3374,3152,19
3373,3150,19
3372,3148,19
3371,3146,19
3370,3143,19
3369,3141,19
3368,3139,18
3367,3136,18
3366,3133,17
3365,3131,17
3364,3128,17
3363,3126,17
3362,3123,17
3361,3121,17
3360,3118,17
3359,3116,18
3358,3114,18
3357,3112,18
3356,3110,18
3355,3108,18
3354,3107,18
3353,3105,18
3352,3104,17
3351,3103,17
3350,3102,17
3349,3101,16
3348,3100,16
3347,3099,16
3346,3098,16
3345,3097,17
3344,3096,17
3343,3094,17
3342,3093,18
3341,3092,18
3340,3090,18
3339,3089,18
3338,3087,17
3337,3085,17
3336,3083,17
3335,3081,17
3334,3079,17
3333,3077,17
3332,3075,17
3331,3073,18
3330,3070,18
3329,3068,19
3328,3066,19
3327,3064,19
3326,3062,19
3325,3060,19
3324,3058,19
3323,3056,19
3322,3054,18
3321,3052,18
3320,3051,18
3319,3049,17
3318,3048,17
3317,3047,18
3316,3046,18
3315,3045,18
3314,3044,19
3313,3044,19
3312,3044,19
3311,3044,19
3310,3044,19
3309,3045,19
3308,3046,18
3307,3047,18
3306,3048,17
3305,3049,17
3304,3051,16
3303,3052,16
3302,3054,16
3301,3056,16
3300,3057,16
3299,3059,16
3298,3060,16
3297,3062,16
3296,3063,16
3295,3065,16
3294,3066,16
3293,3068,16
3292,3069,16
3291,3071,16
3290,3074,16
3289,3076,16
3288,3079,16
3287,3083,15
3286,3086,15
3285,3089,15
3284,3092,16
3283,3095,16
3282,3097,16
3281,3098,15
3280,3099,15
3279,3100,15
3278,3100,15
3277,3099,15
3276,3098,16
3275,3097,16
3274,3095,16
3273,3093,16
3272,3091,15
3271,3088,15
3270,3086,15
3269,3084,15
3268,3082,15
3267,3081,15
3266,3080,15
3265,3079,15
3264,3078,15
3263,3077,15
3262,3076,15
3261,3075,15
3260,3074,15
3259,3074,15
3258,3072,15
3257,3071,15
3256,3070,15
3255,3068,15
3254,3066,15
3253,3064,15
3252,3062,15
3251,3059,15
3250,3057,15
3249,3055,15
3248,3053,15
3247,3052,15
3246,3051,16
3245,3050,16
3244,3049,15
3243,3048,15
3242,3048,15
3241,3047,15
3240,3047,15
3239,3046,15
3238,3046,15
3237,3045,14
3236,3044,14
3235,3044,14
3234,3043,14
3233,3042,14
3232,3040,14
3231,3039,15
3230,3038,15
3229,3037,15
3228,3036,15
3227,3035,15
3226,3034,15
3225,3034,15
3224,3034,15
3223,3033,15
3222,3033,15
3221,3033,15
3220,3032,15
3219,3032,15
3218,3031,15
3217,3030,15
3216,3028,15
3215,3026,15
3214,3024,14
3213,3022,15
3212,3020,15
3211,3017,15
3210,3014,15
3209,3011,15
3208,3008,14
3207,3005,14
3206,3003,14
3205,3000,14
3204,2998,15
3203,2997,15
3202,2996,15
3201,2995,15
3200,2996,15
3199,2997,15
3198,2998,15
3197,2999,15
3196,3001,15
3195,3002,15
3194,3004,15
3193,3006,15
3192,3007,15
3191,3009,15
3190,3010,15
3189,3011,15
3188,3011,15
3187,3011,15
3186,3011,15
3185,3011,15
3184,3010,15
3183,3009,15
3182,3008,15
3181,3007,15
3180,3006,15
3179,3005,15
3178,3004,15
3177,3003,15
3176,3001,15
3175,3000,15
3174,2999,15
3173,2998,15
3172,2996,15
3171,2994,15
3170,2992,15
3169,2990,15
3168,2987,15
3167,2984,15
3166,2982,15
3165,2979,15
3164,2976,16
3163,2974,16
3162,2971,17
3161,2969,17
3160,2968,18
3159,2966,18
3158,2965,18
3157,2964,18
3156,2964,18
3155,2963,18
3154,2963,19
3153,2962,19
3152,2961,19
3151,2961,20
3150,2960,20
3149,2959,20
3148,2957,20
3147,2956,20
3146,2954,19
3145,2953,19
3144,2951,18
3143,2949,18
3142,2948,18
3141,2946,17
3140,2945,17
3139,2943,18
3138,2942,18
3137,2941,18
3136,2940,19
3135,2939,19
3134,2938,20
3133,2938,20
3132,2938,20
3131,2939,20
3130,2939,20
3129,2941,20
3128,2942,20
3127,2944,19
3126,2945,19
3125,2947,19
3124,2949,18
3123,2951,18
3122,2953,18
3121,2955,18
3120,2956,18
3119,2957,19
3118,2958,19
3117,2959,19
3116,2959,19
3115,2959,18
3114,2958,18
3113,2957,17
3112,2955,17
3111,2953,16
3110,2951,16
3109,2949,16
3108,2947,16
3107,2945,16
3106,2943,16
3105,2940,15
3104,2938,15
3103,2937,15
3102,2935,14
3101,2934,14
3100,2934,15
3099,2934,15
3098,2935,15
3097,2937,15
3096,2939,15
3095,2943,14
3094,2946,14
3093,2950,14
3092,2953,15
3091,2956,15
3090,2959,15
3089,2961,15
3088,2963,15
3087,2964,15
3086,2964,14
3085,2964,14
3084,2963,15
3083,2962,15
3082,2960,15
3081,2958,15
3080,2955,15
3079,2952,15
3078,2949,15
3077,2946,15
3076,2942,15
3075,2939,15
3074,2935,15
3073,2932,15
3072,2929,16
3071,2926,16
3070,2923,15
3069,2921,15
3068,2919,15
3067,2917,15
3066,2915,15
3065,2913,15
3064,2912,15
3063,2910,15
3062,2909,15
3061,2907,15
3060,2906,15
3059,2904,15
3058,2903,15
3057,2901,16
3056,2900,16
3055,2899,16
3054,2898,17
3053,2898,17
3052,2897,18
3051,2897,18
3050,2897,18
3049,2898,18
3048,2898,17
3047,2899,17
3046,2900,17
3045,2900,16
3044,2901,16
3043,2902,16
3042,2903,17
3041,2903,17
3040,2904,17
3039,2905,18
3038,2905,18
3037,2905,18
3036,2905,18
3035,2904,18
3034,2904,18
3033,2903,18
3032,2903,17
3031,2902,17
3030,2901,17
3029,2900,17
3028,2899,17
3027,2899,17
3026,2898,18
3025,2897,18
3024,2897,18
3023,2897,18
3022,2897,18
3021,2897,18
3020,2898,18
3019,2899,17
3018,2900,17
3017,2901,17
3016,2902,17
3015,2903,17
3014,2904,17
3013,2904,17
3012,2905,17
3011,2906,17
3010,2906,18
3009,2906,18
3008,2905,18
3007,2904,18
3006,2903,18
3005,2902,18
3004,2900,18
3003,2897,17
3002,2895,17
3001,2892,16
3000,2889,16
2999,2886,16
2998,2883,16
2997,2880,16
2996,2877,16
2995,2875,17
2994,2872,17
2993,2870,17
2992,2868,18
2991,2867,18
2990,2866,18
2989,2865,18
2988,2865,18
2987,2865,18
2986,2866,18
2985,2867,17
2984,2868,17
2983,2869,17
2982,2870,16
2981,2872,16
2980,2873,16
2979,2874,16
2978,2876,17
2977,2877,17
2976,2878,17
2975,2879,17
2974,2880,18
2973,2880,18
2972,2880,18
2971,2879,18
2970,2878,18
2969,2877,18
2968,2875,17
2967,2873,17
2966,2871,16
2965,2868,16
2964,2865,16
2963,2862,15
2962,2859,15
2961,2856,15
2960,2852,15
2959,2849,16
2958,2846,16
2957,2843,16
2956,2840,17
2955,2837,17
2954,2835,17
2953,2833,17
2952,2831,17
2951,2830,17
2950,2829,17
2949,2828,17
2948,2828,16
2947,2827,16
2946,2827,16
2945,2827,16
2944,2827,17
2943,2827,17
2942,2827,17
2941,2827,18
2940,2827,18
2939,2827,18
2938,2826,18
2937,2826,18
2936,2825,18
2935,2825,17
2934,2824,17
2933,2823,16
2932,2822,16
2931,2821,16
2930,2819,16
2929,2818,16
2928,2817,16
2927,2816,16
2926,2814,17
2925,2813,17
2924,2812,17
2923,2810,17
2922,2809,17
2921,2808,17
2920,2807,17
2919,2806,16
2918,2805,16
2917,2805,16
2916,2804,16
2915,2803,16
2914,2803,16
2913,2803,17
2912,2803,17
2911,2803,17
2910,2803,18
2909,2804,18
2908,2804,18
2907,2805,18
2906,2806,18
2905,2807,18
2904,2809,17
2903,2810,17
2902,2812,16
2901,2813,16
2900,2815,16
2899,2816,16
2898,2817,16
2897,2819,16
2896,2820,16
2895,2821,16
2894,2822,17
2893,2822,17
2892,2822,17
2891,2822,17
2890,2822,18
2889,2821,18
2888,2820,17
2887,2819,17
2886,2818,17
2885,2816,17
2884,2814,16
2883,2812,16
2882,2809,16
2881,2807,16
2880,2805,17
2879,2802,17
2878,2800,17
2877,2797,18
2876,2795,18
2875,2792,19
2874,2790,19
2873,2788,19
2872,2786,19
2871,2784,19
2870,2782,19
2869,2781,19
2868,2779,18
2867,2778,18
2866,2777,18
2865,2776,17
2864,2775,17
2863,2775,17
2862,2774,17
2861,2773,17
2860,2771,17
2859,2770,17
2858,2769,18
2857,2767,18
2856,2765,18
2855,2763,18
2854,2761,18
2853,2758,18
2852,2755,18
2851,2752,18
2850,2749,17
2849,2745,17
2848,2742,17
2847,2738,17
2846,2735,17
2845,2732,17
2844,2729,17
2843,2726,18
2842,2723,18
2841,2721,18
2840,2719,18
2839,2717,19
2838,2716,18
2837,2716,18
2836,2715,18
2835,2715,18
2834,2716,18
2833,2716,18
2832,2717,18
2831,2718,18
2830,2720,18
2829,2721,18
2828,2723,19
2827,2724,19
2826,2726,19
2825,2727,19
2824,2729,19
2823,2730,19
2822,2731,19
2821,2732,18
2820,2733,18
2819,2734,17
2818,2735,17
2817,2736,17
2816,2737,17
2815,2737,18
2814,2738,18
2813,2738,18
2812,2739,18
2811,2739,18
2810,2739,18
2809,2739,17
2808,2739,16
2807,2740,15
2806,2740,14
2805,2740,14
2804,2739,13
2803,2739,13
2802,2739,12
2801,2739,12
2800,2739,12
2799,2739,12
2798,2739,12
2797,2738,12
2796,2738,12
2795,2737,12
2794,2736,12
2793,2736,12
2792,2735,12
2791,2735,12
2790,2734,12
2789,2733,12
2788,2731,12
2787,2730,12
2786,2728,12
2785,2726,12
2784,2723,11
2783,2721,11
2782,2717,11
2781,2714,11
2780,2710,11
2779,2706,11
2778,2702,11
2777,2699,11
2776,2698,11
2775,2697,11
2774,2696,11
2773,2695,11
2772,2694,11
2771,2693,11
2770,2692,11
2769,2690,11
2768,2688,11
2767,2686,11
2766,2684,11
2765,2683,11
2764,2681,11
2763,2679,11
2762,2678,11
2761,2675,11
2760,2672,11
2759,2668,11
2758,2663,11
2757,2657,11
2756,2651,11
2755,2645,11
2754,2639,11
2753,2633,11
2752,2629,11
2751,2624,12
2750,2621,11
2749,2618,11
2748,2616,11
2747,2614,11
2746,2611,11
2745,2608,11
2744,2605,11
2743,2601,11
2742,2597,11
2741,2592,11
2740,2588,11
2739,2584,11
2738,2580,11
2737,2577,11
2736,2574,11
2735,2572,11
2734,2571,11
2733,2572,11
2732,2572,11
2731,2573,11
2730,2573,11
2729,2572,11
2728,2569,11
2727,2565,11
2726,2561,11
2725,2557,11
2724,2552,12
2723,2547,12
2722,2542,12
2721,2538,12
2720,2534,12
2719,2530,12
2718,2526,12
2717,2524,12
2716,2522,12
2715,2520,12
2714,2519,12
2713,2518,12
2712,2518,12
2711,2518,12
2710,2517,12
2709,2516,12
2708,2514,12
2707,2512,11
2706,2510,11
2705,2508,11
2704,2505,11
2703,2503,11
2702,2501,11
2701,2498,11
2700,2496,11
2699,2493,11
2698,2489,11
2697,2486,11
2696,2483,11
2695,2480,11
2694,2478,11
2693,2477,11
2692,2476,11
2691,2475,11
2690,2474,11
2689,2473,11
2688,2472,11
2687,2471,11
2686,2470,11
2685,2468,11
2684,2467,11
2683,2466,11
2682,2465,11
2681,2464,11
2680,2463,11
2679,2462,11
2678,2462,11
2677,2462,11
2676,2462,11
2675,2463,11
2674,2462,11
2673,2462,11
2672,2461,11
2671,2460,11
2670,2459,11
2669,2458,11
2668,2456,11
2667,2454,11
2666,2450,11
2665,2447,11
2664,2445,11
2663,2443,11
2662,2443,11
2661,2444,11
2660,2446,11
2659,2449,11
2658,2453,11
2657,2457,11
2656,2460,11
2655,2462,11
2654,2463,11
2653,2464,11
2652,2463,11
2651,2462,11
2650,2462,11
2649,2461,11
2648,2462,11
2647,2462,11
2646,2464,11
2645,2465,11
2644,2467,11
2643,2469,11
2642,2472,11
2641,2475,11
2640,2477,11
2639,2480,11
2638,2483,12
2637,2485,12
2636,2487,11
2635,2489,11
2634,2491,11
2633,2494,11
2632,2496,11
2631,2500,12
2630,2503,12
2629,2507,12
2628,2511,12
2627,2514,11
2626,2516,11
2625,2517,11
2624,2518,11
2623,2517,11
2622,2515,11
2621,2513,11
2620,2510,11
2619,2506,11
2618,2503,11
2617,2500,11
2616,2495,11
2615,2490,11
2614,2483,11
2613,2475,11
2612,2467,11
2611,2458,11
2610,2451,11
2609,2445,11
2608,2442,11
2607,2441,11
2606,2442,11
2605,2444,11
2604,2447,11
2603,2451,11
2602,2454,11
2601,2458,12
2600,2462,12
2599,2465,12
2598,2468,11
2597,2471,11
2596,2474,11
2595,2477,11
2594,2480,11
2593,2483,11
2592,2485,12
2591,2487,12
2590,2488,12
2589,2489,12
2588,2489,12
2587,2490,12
2586,2491,12
2585,2492,12
2584,2493,12
2583,2495,11
2582,2497,12
2581,2499,12
2580,2500,12
2579,2501,12
2578,2502,12
2577,2503,12
2576,2503,12
2575,2502,12
2574,2501,12
2573,2499,12
2572,2498,13
2571,2496,13
2570,2495,13
2569,2494,13
2568,2493,13
2567,2492,13
2566,2492,13
2565,2492,13
2564,2493,14
2563,2494,14
2562,2495,14
2561,2497,13
2560,2498,13
2559,2500,13
2558,2502,13
2557,2504,13
2556,2506,13
2555,2508,13
2554,2509,13
2553,2510,13
2552,2511,13
2551,2512,13
2550,2512,14
2549,2512,14
2548,2512,14
2547,2511,14
2546,2509,14
2545,2507,14
2544,2505,14
2543,2503,13
2542,2501,13
2541,2498,13
2540,2496,13
2539,2494,13
2538,2492,13
2537,2491,13
2536,2489,14
2535,2489,14
2534,2488,14
2533,2488,13
2532,2489,13
2531,2489,13
2530,2490,13
2529,2491,13
2528,2492,13
2527,2493,14
2526,2494,14
2525,2494,14
2524,2494,14
2523,2495,14
2522,2494,14
2521,2493,14
2520,2492,14
2519,2491,13
2518,2489,13
2517,2488,13
2516,2486,13
2515,2485,13
2514,2483,13
2513,2482,14
2512,2481,14
2511,2481,14
2510,2480,14
2509,2480,14
2508,2481,14
2507,2481,13
2506,2482,13
2505,2483,13
2504,2483,13
2503,2483,13
2502,2483,13
2501,2483,13
2500,2482,14
2499,2481,14
2498,2479,14
2497,2476,14
2496,2472,14
2495,2468,13
2494,2464,13
2493,2459,13
2492,2455,13
2491,2450,13
2490,2446,13
2489,2442,13
2488,2438,14
2487,2435,14
2486,2433,14
2485,2432,14
2484,2431,14
2483,2431,13
2482,2432,13
2481,2433,13
2480,2434,13
2479,2436,13
2478,2437,13
2477,2439,13
2476,2441,13
2475,2442,13
2474,2443,14
2473,2443,14
2472,2443,14
2471,2442,13
2470,2441,13
2469,2440,13
2468,2438,13
2467,2436,13
2466,2434,13
2465,2432,13
2464,2431,14
2463,2429,14
2462,2427,14
2461,2426,14
2460,2425,14
2459,2425,14
2458,2424,14
2457,2424,13
2456,2425,13
2455,2425,13
2454,2425,13
2453,2426,13
2452,2427,14
2451,2427,14
2450,2428,14
2449,2429,14
2448,2430,14
2447,2430,14
2446,2430,14
2445,2431,13
2444,2431,13
2443,2431,13
2442,2431,13
2441,2431,13
2440,2431,13
2439,2431,13
2438,2430,14
2437,2430,14
2436,2429,14
2435,2429,14
2434,2428,14
2433,2428,14
2432,2427,13
2431,2426,13
2430,2425,13
2429,2425,13
2428,2424,13
2427,2423,14
2426,2423,14
2425,2422,14
2424,2421,14
2423,2421,14
2422,2421,14
2421,2421,14
2420,2420,13
2419,2420,13
2418,2420,13
2417,2420,13
2416,2420,13
2415,2420,13
2414,2419,14
2413,2419,14
2412,2419,14
2411,2418,14
2410,2417,14
2409,2416,14
2408,2415,14
2407,2414,14
2406,2413,13
2405,2412,13
2404,2411,13
2403,2410,13
2402,2410,13
2401,2409,13
2400,2409,14
2399,2408,14
2398,2408,14
2397,2408,14
2396,2409,14
2395,2409,14
2394,2410,14
2393,2411,14
2392,2412,13
2391,2413,13
2390,2414,13
2389,2415,13
2388,2416,13
2387,2417,13
2386,2418,13
2385,2419,13
2384,2420,13
2383,2421,13
2382,2422,13
2381,2422,14
2380,2423,14
2379,2423,14
2378,2423,14
2377,2423,13
2376,2423,13
2375,2423,13
2374,2422,13
2373,2422,13
2372,2421,13
2371,2420,13
2370,2419,13
2369,2417,13
2368,2416,13
2367,2414,13
2366,2412,13
2365,2410,13
2364,2407,13
2363,2405,13
2362,2402,13
2361,2399,13
2360,2396,14
2359,2392,14
2358,2389,14
2357,2385,14
2356,2380,14
2355,2376,13
2354,2371,13
2353,2366,13
2352,2362,13
2351,2357,13
2350,2352,13
2349,2346,13
2348,2341,12
2347,2336,12
2346,2331,12
2345,2326,12
2344,2321,12
2343,2316,13
2342,2311,13
2341,2306,13
2340,2301,13
2339,2297,13
2338,2293,13
2337,2289,13
2336,2285,13
2335,2281,14
2334,2278,14
2333,2275,14
2332,2272,14
2331,2270,13
2330,2268,13
2329,2266,13
2328,2264,13
2327,2263,13
2326,2262,13
2325,2261,13
2324,2259,12
2323,2259,12
2322,2258,12
2321,2257,12
2320,2256,12
2319,2255,12
2318,2254,12
2317,2253,13
2316,2252,13
2315,2251,13
2314,2250,13
2313,2249,13
2312,2247,13
2311,2245,13
2310,2244,13
2309,2241,13
2308,2239,13
2307,2236,13
2306,2233,13
2305,2230,13
2304,2226,13
2303,2223,13
2302,2219,13
2301,2215,13
2300,2211,13
2299,2207,13
2298,2203,13
2297,2199,13
2296,2196,14
2295,2192,14
2294,2188,14
2293,2184,14
2292,2181,15
2291,2178,15
2290,2175,15
2289,2172,16
2288,2169,16
2287,2167,16
2286,2165,16
2285,2164,16
2284,2163,16
2283,2162,16
2282,2162,16
2281,2162,16
2280,2162,16
2279,2163,15
2278,2164,15
2277,2165,15
2276,2167,15
2275,2168,14
2274,2170,14
2273,2172,14
2272,2175,14
2271,2177,14
2270,2180,14
2269,2182,14
2268,2184,15
2267,2187,15
2266,2189,15
2265,2192,15
2264,2194,15
2263,2197,16
2262,2199,16
2261,2201,16
2260,2202,16
2259,2204,16
2258,2205,16
2257,2206,16
2256,2207,15
2255,2207,15
2254,2208,15
2253,2208,14
2252,2208,14
2251,2209,14
2250,2209,14
2249,2209,14
2248,2209,14
2247,2208,14
2246,2208,14
2245,2208,14
2244,2209,14
2243,2209,15
2242,2209,15
2241,2209,15
2240,2210,15
2239,2211,15
2238,2212,15
2237,2213,15
2236,2214,15
2235,2216,15
2234,2218,15
2233,2220,15
2232,2222,15
2231,2224,15
2230,2226,15
2229,2228,15
2228,2231,15
2227,2233,15
2226,2235,15
2225,2237,15
2224,2239,16
2223,2240,16
2222,2242,16
2221,2243,16
2220,2244,16
2219,2244,17
2218,2244,17
2217,2244,16
2216,2244,16
2215,2243,16
2214,2242,16
2213,2241,16
2212,2240,15
2211,2239,15
2210,2237,15
2209,2236,15
2208,2234,15
2207,2233,16
2206,2232,16
2205,2230,16
2204,2229,16
2203,2228,16
2202,2228,17
2201,2227,17
2200,2227,17
2199,2227,17
2198,2228,16
2197,2229,16
2196,2230,16
2195,2231,15
2194,2234,15
2193,2236,15
2192,2239,14
2191,2241,14
2190,2244,14
2189,2245,15
2188,2247,15
2187,2247,15
2186,2246,15
2185,2245,15
2184,2242,15
2183,2238,14
2182,2234,14
2181,2230,14
2180,2225,15
2179,2221,15
2178,2217,15
2177,2214,15
2176,2212,15
2175,2211,15
2174,2210,15
2173,2210,15
2172,2210,15
2171,2211,15
2170,2211,15
2169,2213,15
2168,2214,15
2167,2216,14
2166,2217,14
2165,2218,14
2164,2219,14
2163,2220,14
2162,2220,14
2161,2219,15
2160,2218,15
2159,2216,15
2158,2213,14
2157,2210,14
2156,2206,14
2155,2202,14
2154,2198,15
2153,2193,15
2152,2188,15
2151,2183,15
2150,2179,15
2149,2174,15
2148,2169,15
2147,2165,15
2146,2162,15
2145,2159,15
2144,2156,15
2143,2154,15
2142,2153,15
2141,2152,15
2140,2152,15
2139,2153,15
2138,2153,15
2137,2154,15
2136,2156,15
2135,2157,15
2134,2159,15
2133,2160,15
2132,2162,15
2131,2162,15
2130,2163,15
2129,2163,16
2128,2162,16
2127,2160,15
2126,2158,15
2125,2155,15
2124,2152,15
2123,2149,15
2122,2145,15
2121,2142,15
2120,2139,15
2119,2136,15
2118,2133,15
2117,2131,14
2116,2129,14
2115,2127,14
2114,2125,14
2113,2124,14
2112,2123,15
2111,2122,15
2110,2121,15
2109,2120,15
2108,2120,15
2107,2120,15
2106,2119,15
2105,2119,15
2104,2118,16
2103,2117,16
2102,2116,16
2101,2115,15
2100,2113,15
2099,2111,15
2098,2109,15
2097,2107,15
2096,2106,15
2095,2105,15
2094,2104,15
2093,2103,15
2092,2104,15
2091,2104,15
2090,2105,15
2089,2105,15
2088,2106,15
2087,2107,15
2086,2107,14
2085,2108,14
2084,2109,14
2083,2109,14
2082,2110,14
2081,2111,14
2080,2112,14
2079,2113,14
2078,2114,14
2077,2114,14
2076,2115,14
2075,2115,14
2074,2115,14
2073,2114,14
2072,2114,14
2071,2113,14
2070,2112,14
2069,2112,14
2068,2111,14
2067,2111,14
2066,2110,14
2065,2110,14
2064,2109,14
2063,2109,14
2062,2109,14
2061,2108,14
2060,2108,14
2059,2107,14
2058,2107,14
2057,2106,14
2056,2105,14
2055,2104,14
2054,2103,14
2053,2102,14
2052,2100,14
2051,2099,14
2050,2098,14
2049,2097,14
2048,2095,14
2047,2094,14
2046,2092,14
2045,2090,14
2044,2088,14
2043,2086,14
2042,2084,14
2041,2082,14
2040,2080,14
2039,2078,14
2038,2077,14
2037,2075,14
2036,2075,14
2035,2074,14
2034,2074,14
2033,2075,14
2032,2075,14
2031,2076,14
2030,2077,14
2029,2078,14
2028,2079,14
2027,2081,14
2026,2082,14
2025,2083,14
2024,2085,14
2023,2086,14
2022,2088,14
2021,2090,14
2020,2091,14
2019,2093,14
2018,2095,14
2017,2096,14
2016,2098,14
2015,2099,14
2014,2100,14
2013,2101,14
2012,2101,14
2011,2101,14
2010,2101,14
2009,2100,14
2008,2098,14
2007,2095,14
2006,2092,14
2005,2089,13
2004,2085,13
2003,2082,14
2002,2078,14
2001,2074,14
2000,2070,14
1999,2066,14
1998,2062,14
1997,2058,14
1996,2054,14
1995,2051,14
1994,2047,14
1993,2043,14
1992,2039,14
1991,2036,14
1990,2032,14
1989,2029,14
1988,2025,14
1987,2022,13
1986,2019,13
1985,2017,13
1984,2015,13
1983,2013,13
1982,2011,13
1981,2010,14
1980,2010,13
1979,2010,14
1978,2010,14
1977,2010,14
1976,2010,14
1975,2010,14
1974,2009,14
1973,2009,14
1972,2008,14
1971,2008,15
1970,2008,15
1969,2008,15
1968,2008,15
1967,2008,14
1966,2009,14
1965,2011,14
1964,2013,14
1963,2016,14
1962,2020,14
1961,2023,14
1960,2027,14
1959,2031,14
1958,2034,14
1957,2036,14
1956,2038,14
1955,2039,14
1954,2040,14
1953,2039,14
1952,2038,14
1951,2036,14
1950,2033,14
1949,2030,14
1948,2026,14
1947,2022,14
1946,2018,14
1945,2015,14
1944,2012,14
1943,2009,14
1942,2007,14
1941,2006,14
1940,2004,14
1939,2003,14
1938,2002,14
1937,2002,14
1936,2001,14
1935,2000,14
1934,2000,14
1933,1999,14
1932,1998,14
1931,1996,14
1930,1995,15
1929,1992,15
1928,1990,14
1927,1987,14
1926,1985,14
1925,1982,14
1924,1979,14
1923,1977,14
1922,1974,15
1921,1972,15
1920,1971,15
1919,1969,15
1918,1968,14
1917,1968,14
1916,1968,14
1915,1967,14
1914,1968,14
1913,1968,15
1912,1969,15
1911,1969,15
1910,1970,14
1909,1971,14
1908,1972,14
1907,1973,14
1906,1974,14
1905,1975,14
1904,1976,14
1903,1978,14
1902,1979,14
1901,1980,14
1900,1981,14
1899,1982,14
1898,1982,14
1897,1982,14
1896,1982,14
1895,1981,14
1894,1979,14
1893,1977,14
1892,1975,14
1891,1973,14
1890,1971,14
1889,1968,14
1888,1966,14
1887,1964,14
1886,1962,14
1885,1960,14
1884,1958,14
1883,1957,14
1882,1955,14
1881,1954,14
1880,1953,14
1879,1953,14
1878,1952,14
1877,1952,14
1876,1952,14
1875,1952,14
1874,1951,14
1873,1951,14
1872,1949,14
1871,1947,14
1870,1945,14
1869,1942,14
1868,1939,14
1867,1936,14
1866,1933,14
1865,1929,14
1864,1926,14
1863,1924,14
1862,1922,14
1861,1921,14
1860,1921,14
1859,1921,14
1858,1923,14
1857,1926,14
1856,1929,14
1855,1932,14
1854,1935,14
1853,1939,14
1852,1942,14
1851,1945,14
1850,1947,14
1849,1949,14
1848,1950,14
1847,1951,14
1846,1950,14
1845,1950,14
1844,1948,14
1843,1947,14
1842,1945,14
1841,1943,15
1840,1942,14
1839,1940,14
1838,1939,14
1837,1938,14
1836,1936,14
1835,1935,15
1834,1933,14
1833,1931,14
1832,1929,14
1831,1926,14
1830,1923,14
1829,1920,14
1828,1915,14
1827,1911,13
1826,1906,13
1825,1902,13
1824,1897,13
1823,1893,13
1822,1889,13
1821,1886,13
1820,1884,13
1819,1882,13
1818,1880,13
1817,1879,13
1816,1878,13
1815,1878,13
1814,1878,13
1813,1879,13
1812,1880,14
1811,1881,14
1810,1882,14
1809,1882,14
1808,1883,14
1807,1884,14
1806,1885,14
1805,1886,14
1804,1886,14
1803,1887,14
1802,1887,14
1801,1887,14
1800,1887,14
1799,1887,14
1798,1887,14
1797,1886,14
1796,1885,14
1795,1884,14
1794,1884,14
1793,1883,14
1792,1882,14
1791,1881,14
1790,1881,14
1789,1881,14
1788,1881,14
1787,1880,14
1786,1880,14
1785,1880,14
1784,1879,14
1783,1878,14
1782,1878,14
1781,1877,14
1780,1877,14
1779,1876,14
1778,1876,14
1777,1876,14
1776,1876,14
1775,1876,14
1774,1876,14
1773,1876,14
1772,1876,14
1771,1876,14
1770,1876,14
1769,1876,14
1768,1876,14
1767,1876,14
1766,1877,14
1765,1877,14
1764,1878,14
1763,1879,14
1762,1880,14
1761,1881,14
1760,1882,14
1759,1882,15
1758,1883,15
1757,1884,14
1756,1885,14
1755,1885,15
1754,1885,15
1753,1885,15
1752,1885,15
1751,1884,15
1750,1883,15
1749,1881,15
1748,1880,14
1747,1878,14
1746,1875,14
1745,1873,14
1744,1870,14
1743,1868,15
1742,1865,14
1741,1862,14
1740,1859,14
1739,1856,14
1738,1853,14
1737,1850,14
1736,1847,14
1735,1845,14
1734,1843,15
1733,1841,15
1732,1839,15
1731,1838,15
1730,1837,15
1729,1836,15
1728,1836,14
1727,1836,14
1726,1836,14
1725,1836,14
1724,1835,13
1723,1835,14
1722,1835,14
1721,1834,14
1720,1833,14
1719,1831,14
1718,1829,14
1717,1827,14
1716,1824,13
1715,1821,13
1714,1818,13
1713,1814,13
1712,1811,13
1711,1807,13
1710,1804,13
1709,1800,13
1708,1797,13
1707,1794,13
1706,1791,13
1705,1788,13
1704,1785,13
1703,1783,12
1702,1780,12
1701,1777,12
1700,1775,12
1699,1772,12
1698,1769,12
1697,1766,13
1696,1762,13
1695,1759,13
1694,1754,13
1693,1750,13
1692,1745,13
1691,1740,13
1690,1735,12
1689,1730,12
1688,1725,12
1687,1721,13
1686,1716,13
1685,1713,13
1684,1710,13
1683,1708,13
1682,1707,13
1681,1707,13
1680,1708,13
1679,1710,13
1678,1712,13
1677,1715,13
1676,1719,13
1675,1722,13
1674,1727,13
1673,1731,14
1672,1735,14
1671,1739,14
1670,1743,14
1669,1747,14
1668,1750,14
1667,1753,13
1666,1756,13
1665,1758,13
1664,1760,13
1663,1762,13
1662,1764,13
1661,1766,13
1660,1767,13
1659,1769,12
1658,1770,12
1657,1772,12
1656,1773,12
1655,1775,12
1654,1776,12
1653,1778,12
1652,1780,12
1651,1782,12
1650,1784,12
1649,1785,12
1648,1785,12
1647,1785,12
1646,1783,12
1645,1782,12
1644,1780,12
1643,1778,12
1642,1776,12
1641,1775,12
1640,1775,12
1639,1775,12
1638,1774,12
1637,1774,11
1636,1773,11
1635,1772,11
1634,1771,11
1633,1770,11
1632,1768,11
1631,1767,11
1630,1767,11
1629,1766,11
1628,1766,11
1627,1764,11
1626,1762,11
1625,1759,11
1624,1755,12
1623,1752,12
1622,1748,12
1621,1745,12
1620,1743,12
1619,1742,12
1618,1742,12
1617,1741,12
1616,1741,12
1615,1740,12
1614,1738,12
1613,1736,12
1612,1734,11
1611,1731,11
1610,1729,11
1609,1728,11
1608,1728,11
1607,1727,11
1606,1727,11
1605,1726,12
1604,1725,12
1603,1722,12
1602,1720,12
1601,1717,12
1600,1714,12
1599,1712,12
1598,1711,11
1597,1710,11
1596,1711,11
1595,1711,11
1594,1712,11
1593,1713,11
1592,1714,12
1591,1714,11
1590,1713,12
1589,1712,12
1588,1710,12
1587,1708,12
1586,1706,11
1585,1705,11
1584,1704,11
1583,1704,11
1582,1704,11
1581,1705,11
1580,1706,11
1579,1706,11
1578,1706,11
1577,1706,11
1576,1706,11
1575,1706,11
1574,1705,11
1573,1705,11
1572,1703,11
1571,1701,11
1570,1699,11
1569,1697,11
1568,1695,11
1567,1693,11
1566,1693,11
1565,1693,11
1564,1693,11
1563,1694,11
1562,1695,11
1561,1695,11
1560,1695,11
1559,1695,11
1558,1694,11
1557,1693,11
1556,1693,11
1555,1693,11
1554,1694,11
1553,1695,11
1552,1697,11
1551,1697,11
1550,1697,11
1549,1696,11
1548,1694,11
1547,1691,11
1546,1687,11
1545,1682,11
1544,1678,11
1543,1675,11
1542,1672,11
1541,1670,11
1540,1668,11
1539,1667,11
1538,1665,11
1537,1662,11
1536,1658,11
1535,1653,11
1534,1648,11
1533,1642,11
1532,1637,11
1531,1632,11
1530,1629,11
1529,1626,11
1528,1624,11
1527,1622,11
1526,1620,11
1525,1618,11
1524,1616,11
1523,1615,11
1522,1613,11
1521,1611,11
1520,1609,11
1519,1608,11
1518,1605,11
1517,1603,11
1516,1599,11
1515,1596,11
1514,1593,11
1513,1590,11
1512,1587,11
1511,1585,11
1510,1584,11
1509,1582,11
1508,1580,11
1507,1578,11
1506,1577,11
1505,1576,11
1504,1576,11
1503,1577,11
1502,1579,11
1501,1581,11
1500,1583,11
1499,1585,11
1498,1586,11
1497,1586,11
1496,1585,11
1495,1584,11
1494,1583,11
1493,1582,11
1492,1582,11
1491,1583,11
1490,1585,11
1489,1587,11
1488,1589,11
1487,1592,11
1486,1594,11
1485,1596,11
1484,1598,11
1483,1600,11
1482,1601,11
1481,1603,11
1480,1603,11
1479,1604,11
1478,1603,11
1477,1601,11
1476,1598,11
1475,1595,11
1474,1591,11
1473,1587,11
1472,1584,11
1471,1580,11
1470,1578,11
1469,1576,11
1468,1574,11
1467,1574,11
1466,1573,11
1465,1573,11
1464,1573,11
1463,1573,12
1462,1574,12
1461,1574,12
1460,1575,12
1459,1575,12
1458,1577,12
1457,1578,12
1456,1580,13
1455,1582,13
1454,1585,12
1453,1588,12
1452,1590,12
1451,1593,13
1450,1595,13
1449,1597,13
1448,1598,12
1447,1598,12
1446,1598,12
1445,1598,13
1444,1597,13
1443,1596,13
1442,1595,13
1441,1594,12
1440,1592,12
1439,1592,13
1438,1591,13
1437,1591,13
1436,1592,13
1435,1593,13
1434,1595,13
1433,1597,13
1432,1599,13
1431,1600,13
1430,1602,13
1429,1602,13
1428,1603,12
1427,1603,12
1426,1603,13
1425,1602,13
1424,1601,13
1423,1600,12
1422,1599,13
1421,1597,13
1420,1595,13
1419,1593,13
1418,1591,13
1417,1588,13
1416,1585,12
1415,1582,12
1414,1579,13
1413,1575,13
1412,1572,13
1411,1569,13
1410,1566,13
1409,1562,12
1408,1559,12
1407,1556,13
1406,1553,13
1405,1550,13
1404,1547,13
1403,1544,13
1402,1541,13
1401,1539,13
1400,1537,13
1399,1535,13
1398,1534,13
1397,1533,13
1396,1532,13
1395,1531,13
1394,1531,13
1393,1530,13
1392,1529,14
1391,1529,14
1390,1528,14
1389,1526,13
1388,1525,13
1387,1523,13
1386,1521,13
1385,1519,13
1384,1517,14
1383,1515,14
1382,1513,14
1381,1511,14
1380,1509,14
1379,1508,13
1378,1506,13
1377,1504,13
1376,1503,14
1375,1501,14
1374,1500,14
1373,1499,14
1372,1498,14
1371,1497,13
1370,1496,13
1369,1496,14
1368,1495,14
1367,1494,14
1366,1494,14
1365,1493,14
1364,1493,13
1363,1492,13
1362,1491,13
1361,1491,14
1360,1490,14
1359,1489,14
1358,1488,14
1357,1487,14
1356,1485,13
1355,1483,13
1354,1481,13
1353,1479,13
1352,1477,14
1351,1474,14
1350,1470,14
1349,1467,14
1348,1463,14
1347,1459,13
1346,1455,13
1345,1451,13
1344,1447,13
1343,1443,13
1342,1440,14
1341,1438,14
1340,1436,14
1339,1434,14
1338,1433,13
1337,1433,13
1336,1433,13
1335,1434,14
1334,1434,14
1333,1435,14
1332,1437,14
1331,1438,14
1330,1439,14
1329,1441,13
1328,1442,13
1327,1444,13
1326,1445,14
1325,1447,14
1324,1448,14
1323,1450,13
1322,1451,13
1321,1452,13
1320,1453,13
1319,1453,13
1318,1453,13
1317,1453,13
1316,1451,13
1315,1450,13
1314,1448,13
1313,1445,12
1312,1442,12
1311,1439,12
1310,1436,13
1309,1432,13
1308,1429,13
1307,1425,13
1306,1421,13
1305,1417,14
1304,1413,13
1303,1409,13
1302,1404,13
1301,1400,13
1300,1396,13
1299,1391,13
1298,1387,13
1297,1382,13
1296,1378,13
1295,1374,13
1294,1369,13
1293,1365,13
1292,1361,13
1291,1357,13
1290,1353,14
1289,1349,14
1288,1345,14
1287,1341,14
1286,1337,14
1285,1334,14
1284,1331,14
1283,1327,14
1282,1324,14
1281,1321,13
1280,1318,13
1279,1316,13
1278,1313,13
1277,1311,13
1276,1308,13
1275,1306,13
1274,1304,13
1273,1302,13
1272,1299,14
1271,1297,14
1270,1295,14
1269,1294,14
1268,1292,14
1267,1290,14
1266,1288,14
1265,1286,14
1264,1285,14
1263,1283,13
1262,1281,13
1261,1280,12
1260,1278,12
1259,1277,12
1258,1276,12
1257,1275,11
1256,1276,11
1255,1277,11
1254,1279,11
1253,1281,11
1252,1282,11
1251,1283,11
1250,1284,11
1249,1283,11
1248,1281,11
1247,1278,11
1246,1274,11
1245,1270,11
1244,1264,11
1243,1259,11
1242,1255,11
1241,1252,11
1240,1251,11
1239,1252,11
1238,1253,11
1237,1254,11
1236,1254,11
1235,1255,11
1234,1254,11
1233,1254,11
1232,1253,11
1231,1253,11
1230,1253,11
1229,1254,10
1228,1256,10
1227,1258,10
1226,1260,10
1225,1262,10
1224,1263,10
1223,1265,10
1222,1265,10
1221,1265,10
1220,1264,10
1219,1264,10
1218,1263,10
1217,1263,10
1216,1263,10
1215,1263,10
1214,1263,10
1213,1265,10
1212,1267,10
1211,1271,10
1210,1275,10
1209,1279,10
1208,1284,10
1207,1287,10
1206,1291,10
1205,1294,10
1204,1296,10
1203,1297,10
1202,1298,10
1201,1299,10
1200,1301,10
1199,1302,10
1198,1304,10
1197,1307,10
1196,1309,10
1195,1310,10
1194,1308,10
1193,1305,10
1192,1300,10
1191,1295,10
1190,1290,10
1189,1286,10
1188,1284,10
1187,1283,10
1186,1284,10
1185,1287,10
1184,1291,10
1183,1295,10
1182,1299,10
1181,1301,10
1180,1302,10
1179,1299,10
1178,1289,9
1177,1269,10
1176,1238,9
1175,1203,9
1174,1178,9
1173,1166,9
1172,1163,9
1171,1168,10
1170,1174,10
1169,1179,10
1168,1183,10
1167,1185,10
1166,1188,10
1165,1191,10
1164,1194,10
1163,1199,10
1162,1205,10
1161,1211,10
1160,1217,10
1159,1222,10
1158,1226,10
1157,1228,10
1156,1228,10
1155,1228,10
1154,1226,10
1153,1225,10
1152,1223,10
1151,1221,10
1150,1220,11
1149,1220,11
1148,1219,11
1147,1219,11
1146,1218,12
1145,1218,12
1144,1217,12
1143,1217,12
1142,1217,12
1141,1217,12
1140,1218,12
1139,1220,12
1138,1222,12
1137,1223,12
1136,1224,11
1135,1224,11
1134,1224,11
1133,1223,12
1132,1222,12
1131,1220,12
1130,1219,13
1129,1217,13
1128,1215,14
1127,1212,14
1126,1210,14
1125,1207,14
1124,1205,14
1123,1203,14
1122,1200,14
1121,1198,14
1120,1196,15
1119,1195,15
1118,1193,15
1117,1192,16
1116,1191,16
1115,1190,16
1114,1189,16
1113,1189,16
1112,1188,15
1111,1188,15
1110,1188,15
1109,1188,14
1108,1189,14
1107,1189,14
1106,1189,14
1105,1190,13
1104,1191,13
1103,1191,13
1102,1192,13
1101,1193,13
1100,1194,13
1099,1195,13
1098,1195,13
1097,1196,14
1096,1197,14
1095,1198,14
1094,1199,14
1093,1199,14
1092,1200,14
1091,1201,14
1090,1201,14
1089,1202,14
1088,1202,14
1087,1202,13
1086,1202,13
1085,1202,13
1084,1202,13
1083,1202,13
1082,1202,13
1081,1201,13
1080,1201,13
1079,1200,13
1078,1199,13
1077,1198,14
1076,1196,14
1075,1195,14
1074,1193,14
1073,1191,14
1072,1188,14
1071,1186,14
1070,1183,14
1069,1180,14
1068,1177,14
1067,1174,14
1066,1170,14
1065,1166,14
1064,1163,14
1063,1159,13
1062,1155,13
1061,1151,13
1060,1147,12
1059,1143,12
1058,1139,12
1057,1135,12
1056,1131,12
1055,1127,12
1054,1124,12
1053,1120,12
1052,1117,12
1051,1114,12
1050,1111,12
1049,1109,12
1048,1106,13
1047,1105,13
1046,1103,13
1045,1102,13
1044,1101,13
1043,1101,13
1042,1101,13
1041,1101,12
1040,1102,12
1039,1102,12
1038,1103,12
1037,1105,12
1036,1106,12
1035,1108,12
1034,1110,12
1033,1112,12
1032,1114,12
1031,1116,12
1030,1118,12
1029,1120,12
1028,1122,12
1027,1124,13
1026,1126,13
1025,1128,13
1024,1130,13
1023,1132,13
1022,1134,13
1021,1135,13
1020,1136,13
1019,1137,13
1018,1138,13
1017,1138,13
1016,1139,13
1015,1139,13
1014,1139,13
1013,1139,13
1012,1139,13
1011,1138,13
1010,1138,13
1009,1137,13
1008,1136,13
1007,1135,13
1006,1134,13
1005,1133,14
1004,1132,14
1003,1131,13
1002,1129,13
1001,1128,13
1000,1126,13
999,1125,13
998,1123,12
997,1122,12
996,1120,12
995,1119,12
994,1118,12
993,1116,12
992,1115,12
991,1114,12
990,1113,13
989,1113,13
988,1112,13
987,1112,12
986,1112,12
985,1113,11
984,1113,11
983,1115,11
982,1116,11
981,1118,11
980,1119,10
979,1119,10
978,1118,10
977,1116,10
976,1113,10
975,1109,10
974,1104,10
973,1100,10
972,1096,10
971,1093,10
970,1091,10
969,1091,10
968,1092,10
967,1093,10
966,1094,10
965,1095,10
964,1096,10
963,1097,10
962,1096,10
961,1094,10
960,1091,10
959,1085,10
958,1077,10
957,1066,10
956,1054,10
955,1043,10
954,1035,10
953,1030,10
952,1027,10
951,1027,10
950,1028,10
949,1030,10
948,1033,10
947,1036,10
946,1040,10
945,1044,10
944,1047,10
943,1050,10
942,1051,10
941,1052,10
940,1051,10
939,1050,10
938,1049,10
937,1048,10
936,1047,10
935,1046,10
934,1046,10
933,1044,10
932,1042,10
931,1039,10
930,1035,10
929,1030,10
928,1025,10
927,1019,10
926,1014,10
925,1009,10
924,1006,10
923,1002,10
922,999,10
921,995,10
920,992,10
919,988,10
918,984,10
917,980,10
916,976,10
915,972,10
914,969,10
913,966,10
912,963,10
911,961,10
910,959,10
909,957,10
908,956,10
907,955,10
906,954,11
905,952,11
904,950,10
903,948,11
902,944,10
901,940,10
900,936,10
899,931,10
898,926,10
897,921,10
896,917,10
895,914,10
894,914,10
893,915,10
892,917,10
891,918,10
890,920,10
889,921,10
888,922,10
887,922,10
886,922,10
885,922,10
884,922,10
883,921,10
882,921,10
881,921,10
880,921,10
879,921,10
878,921,10
877,921,10
876,921,10
875,921,10
874,922,10
873,924,10
872,926,10
871,930,10
870,935,10
869,939,10
868,943,10
867,947,10
866,950,10
865,952,10
864,954,10
863,956,10
862,957,10
861,957,10
860,957,11
859,956,10
858,955,10
857,953,10
856,950,10
855,947,11
854,945,11
853,944,11
852,943,11
851,943,11
850,944,11
849,945,11
848,947,10
847,949,10
846,951,10
845,953,10
844,955,10
843,957,11
842,959,11
841,960,11
840,961,11
839,961,11
838,961,10
837,960,10
836,959,10
835,957,10
834,956,10
833,955,10
832,954,10
831,953,10
830,952,10
829,952,10
828,951,10
827,950,10
826,949,10
825,947,10
824,946,10
823,944,10
822,944,10
821,943,10
820,943,10
819,942,10
818,942,10
817,941,10
816,940,10
815,939,10
814,939,10
813,940,10
812,942,11
811,944,11
810,946,11
809,948,11
808,950,11
807,950,11
806,950,11
805,950,11
804,949,11
803,948,11
802,947,11
801,945,11
800,944,11
799,942,11
798,940,11
797,937,10
796,933,10
795,928,11
794,923,11
793,919,11
792,914,11
791,910,11
790,906,10
789,903,10
788,899,10
787,896,10
786,893,10
785,889,10
784,886,10
783,884,11
782,882,11
781,882,11
780,882,11
779,883,11
778,883,11
777,883,11
776,883,11
775,881,11
774,879,11
773,877,11
772,874,11
771,871,11
770,868,11
769,866,11
768,864,11
767,863,11
766,863,11
765,864,11
764,865,11
763,867,11
762,868,11
761,869,11
760,870,11
759,872,11
758,874,11
757,876,11
756,879,11
755,881,11
754,882,11
753,883,11
752,882,11
751,881,11
750,879,11
749,876,11
748,874,11
747,872,11
746,871,11
745,871,11
744,871,11
743,871,11
742,870,11
741,869,11
740,868,11
739,867,10
738,866,10
737,864,10
736,862,10
735,860,10
734,857,10
733,853,10
732,848,11
731,842,10
730,835,11
729,829,10
728,824,10
727,819,10
726,815,10
725,812,10
724,809,11
723,808,11
722,806,11
721,805,11
720,803,11
719,802,11
718,800,11
717,799,11
716,797,11
715,797,11
714,797,11
713,797,11
712,798,11
711,799,11
710,800,11
709,801,11
708,802,11
707,803,11
706,804,11
705,805,11
704,806,11
703,807,11
702,808,11
701,808,11
700,809,11
699,809,11
698,808,11
697,807,11
696,806,11
695,805,11
694,805,11
693,804,11
692,803,11
691,802,11
690,800,11
689,797,11
688,795,11
687,792,11
686,788,11
685,785,11
684,781,11
683,778,11
682,774,11
681,771,11
680,767,11
679,764,11
678,761,11
677,758,11
676,754,11
675,750,11
674,745,11
673,739,11
672,732,11
671,725,11
670,718,11
669,712,11
668,707,11
667,703,11
666,699,11
665,696,11
664,694,11
663,692,11
662,689,11
661,688,11
660,686,11
659,684,11
658,683,11
657,681,11
656,680,11
655,678,11
654,675,11
653,672,11
652,668,11
651,663,11
650,659,11
649,654,10
648,650,10
647,645,11
646,641,11
645,637,11
644,633,11
643,630,11
642,628,11
641,627,11
640,626,11
639,625,11
638,625,11
637,625,10
636,625,10
635,625,10
634,625,10
633,625,10
632,623,10
631,621,10
630,618,10
629,614,10
628,610,10
627,606,10
626,601,10
625,597,10
624,592,10
623,588,10
622,584,10
621,582,10
620,580,10
619,580,10
618,580,10
617,581,10
616,582,10
615,583,10
614,585,10
613,586,10
612,587,10
611,587,10
610,587,10
609,587,10
608,587,10
607,587,10
606,587,10
605,588,10
604,589,10
603,589,10
602,590,10
601,590,10
600,590,10
599,591,10
598,592,10
597,595,10
596,599,10
595,603,10
594,607,10
593,612,11
592,616,11
591,619,11
590,623,11
589,626,11
588,628,11
587,631,11
586,635,11
585,638,11
584,642,11
583,645,11
582,649,11
581,653,11
580,656,11
579,660,11
578,662,11
577,664,11
576,665,11
575,665,11
574,663,10
573,659,10
572,655,10
571,651,10
570,646,10
569,643,10
568,640,10
567,637,10
566,635,10
565,633,10
564,631,10
563,628,10
562,624,10
561,620,10
560,615,10
559,610,10
558,605,10
557,599,10
556,594,10
555,589,10
554,583,10
553,578,10
552,574,10
551,570,10
550,568,10
549,566,10
548,564,10
547,561,10
546,558,10
545,555,10
544,551,10
543,546,10
542,542,10
541,538,10
540,534,10
539,531,10
538,529,10
537,527,10
536,526,10
535,526,10
534,526,10
533,526,10
532,525,10
531,524,10
530,522,10
529,518,10
528,514,10
527,509,10
526,504,10
525,500,10
524,496,10
523,493,10
522,491,10
521,490,10
520,489,10
519,488,10
518,486,10
517,484,10
516,482,10
515,478,10
514,475,10
513,471,10
512,468,10
511,465,10
510,463,10
509,460,10
508,457,10
507,454,10
506,450,10
505,446,10
504,443,10
503,439,10
502,435,10
501,432,10
500,429,10
499,427,10
498,425,10
497,423,10
496,420,10
495,416,10
494,411,10
493,406,10
492,401,10
491,397,10
490,393,10
489,392,10
488,391,10
487,392,10
486,393,10
485,394,10
484,395,10
483,394,10
482,393,10
481,392,10
480,391,10
479,391,10
478,390,10
477,388,10
476,386,10
475,383,10
474,380,10
473,377,10
472,375,10
471,373,10
470,371,10
469,370,10
468,369,9
467,368,9
466,368,9
465,368,9
464,368,9
463,368,9
462,367,10
461,366,10
460,365,10
459,364,10
458,363,10
457,361,10
456,360,10
455,358,10
454,357,10
453,356,10
452,356,10
451,355,10
450,355,10
449,355,10
448,354,10
447,353,10
446,352,10
445,351,10
444,350,10
443,349,10
442,348,10
441,346,10
440,345,10
439,343,10
438,342,9
437,341,9
436,341,9
435,341,10
434,341,10
433,341,10
432,340,10
431,339,10
430,336,10
429,334,10
428,331,10
427,328,10
426,325,10
425,321,9
424,317,9
423,313,9
422,309,9
421,306,9
420,303,10
419,301,10
418,299,10
417,298,10
416,298,10
415,299,10
414,300,10
413,302,9
412,304,10
411,306,10
410,308,9
409,309,10
408,310,9
407,311,10
406,310,10
405,309,10
404,308,10
403,307,10
402,307,10
401,307,10
400,309,10
399,311,10
398,313,10
397,315,10
396,316,10
395,317,10
394,318,10
393,320,10
392,321,10
391,323,10
390,325,10
389,326,10
388,327,10
387,326,10
386,325,10
385,323,10
384,322,10
383,321,10
382,321,9
381,321,10
380,323,10
379,324,10
378,326,10
377,327,10
376,329,10
375,330,10
374,332,10
373,333,10
372,334,10
371,334,10
370,335,10
369,335,10
368,335,10
367,335,10
366,335,10
365,334,10
364,334,10
363,335,10
362,336,10
361,338,10
360,340,10
359,343,10
358,345,10
357,347,10
356,349,10
355,351,10
354,351,10
353,352,10
352,353,10
351,354,10
350,355,10
349,357,10
348,360,10
347,363,10
346,365,10
345,366,10
344,366,10
343,364,10
342,362,10
341,360,10
340,358,10
339,357,10
338,357,10
337,357,10
336,357,10
335,356,10
334,355,10
333,352,10
332,348,10
331,345,10
330,341,10
329,337,10
328,333,10
327,331,10
326,330,10
325,329,10
324,329,10
323,330,10
322,330,10
321,328,10
320,326,10
319,324,10
318,320,10
317,315,10
316,311,10
315,306,10
314,302,10
313,298,10
312,295,10
311,291,10
310,287,10
309,282,10
308,278,10
307,274,10
306,270,10
305,267,10
304,264,10
303,261,10
302,257,10
301,254,10
300,252,10
299,250,10
298,248,10
297,247,10
296,245,10
295,244,10
294,242,10
293,239,10
292,236,10
291,233,10
290,229,10
289,225,10
288,221,10
287,217,10
286,214,10
285,210,10
284,206,10
283,201,10
282,196,10
281,192,10
280,187,10
279,183,10
278,179,10
277,177,10
276,176,10
275,176,10
274,176,10
273,176,10
272,175,10
271,173,10
270,171,10
269,168,10
268,166,10
267,163,10
266,159,10
265,156,10
264,153,9
263,150,9
262,147,9
261,144,9
260,141,9
259,138,9
258,135,9
257,132,9
256,129,9
255,125,9
254,122,9
253,118,9
252,115,9
251,112,9
250,110,9
249,108,9
248,107,9
247,107,9
246,108,9
245,108,9
244,108,9
243,108,9
242,107,9
241,105,9
240,103,9
239,101,9
238,99,9
237,98,9
236,97,9
235,96,9
234,96,9
233,97,9
232,100,9
231,103,9
230,107,9
229,111,9
228,115,9
227,119,9
226,123,9
225,127,10
224,131,10
223,135,10
222,140,10
221,145,10
220,149,10
219,154,10
218,157,10
217,159,10
216,160,10
215,161,10
214,162,10
213,163,10
212,165,10
211,167,10
210,170,10
209,173,10
208,176,10
207,178,10
206,180,10
205,180,10
204,180,10
203,180,10
202,179,10
201,178,10
200,177,10
199,175,10
198,172,10
197,169,10
196,166,10
195,163,9
194,161,9
193,159,10
192,158,10
191,159,10
190,161,10
189,165,10
188,168,10
187,171,10
186,174,10
185,177,10
184,179,10
183,182,10
182,184,10
181,185,10
180,185,10
179,183,10
178,181,10
177,178,10
176,175,10
175,174,10
174,174,10
173,176,10
172,179,10
171,184,10
170,189,10
169,195,10
168,200,10
167,205,10
166,209,10
165,214,10
164,218,10
163,221,10
162,224,10
161,227,10
160,228,10
159,227,10
158,225,10
157,221,10
156,215,10
155,207,10
154,198,10
153,189,10
152,180,10
151,173,10
150,167,10
149,163,10
148,161,10
147,159,10
146,157,10
145,156,10
144,153,10
143,150,10
142,145,10
141,139,10
140,133,10
139,127,10
138,121,10
137,117,10
136,113,10
135,110,10
134,107,10
133,106,10
132,105,9
131,104,9
130,104,9
129,105,9
128,104,9
127,104,9
126,102,9
125,100,9
124,98,9
123,96,9
122,96,10
121,96,10
120,98,9
119,100,9
118,104,9
117,108,10
116,112,10
115,117,9
114,121,10
113,124,9
112,127,10
111,128,10
110,129,10
109,129,10
108,128,10
107,127,10
106,126,10
105,125,10
104,124,10
103,124,10
102,123,10
101,124,10
100,124,10
99,125,10
98,126,10
97,127,10
96,127,10
95,127,10
94,126,10
93,125,10
92,125,10
91,124,10
90,125,9
89,126,9
88,127,9
87,128,9
86,129,9
85,128,9
84,127,9
83,125,9
82,124,9
81,123,9
80,124,9
79,125,9
78,127,9
77,129,9
76,130,9
75,130,10
74,130,10
73,128,10
72,125,10
71,121,10
70,118,10
69,116,10
68,114,10
67,114,10
66,115,10
65,116,9
64,117,10
63,116,9
62,115,9
61,113,9
60,110,9
59,107,9
58,103,9
57,101,9
56,99,10
55,99,9
54,98,9
53,99,10
52,98,10
51,97,10
50,96,10
49,95,10
48,95,10
47,96,10
46,99,10
45,102,9
44,106,10
43,110,10
42,113,10
41,116,10
40,118,10
39,119,10
38,119,9
37,120,10
36,121,10
35,123,10
34,126,10
33,129,10
32,132,10
31,135,10
30,137,10
29,140,10
28,141,9
27,143,10
26,146,10
25,149,10
24,153,10
23,156,10
22,160,10
21,162,10
20,163,10
19,164,10
18,163,10
17,162,10
16,161,10
15,160,10
14,160,10
13,161,11
12,163,11
11,166,11
10,170,11
9,174,11
8,178,11
7,181,11
6,185,11
5,188,11
4,190,11
3,193,11
2,195,11
1,197,11
0,199,11
